amfi_code,scheme_name,fund_house,sub_category,category,plan,benchmark_index,alpha_precomputed,beta_precomputed,alpha_ols_ann_pct,beta_ols,r_squared,ols_obs_count,return_1yr_pct,return_3yr_pct,sharpe_ratio,std_dev_ann_pct,data_note
119120,SBI Magnum Gilt Fund - Regular Plan - Growth,SBI Mutual Fund,Gilt,Debt,Regular,CRISIL_GILT,1.6,0.22,5.6107,-0.0009,0.0,1149,5.34,6.07,1.52,4.0,alpha_precomputed & beta_precomputed are the authoritative values computed by dataset creators. alpha_ols / beta_ols are derived from synthetic NAV daily returns and should be used for methodology reference only.
118636,Nippon India Gilt Securities Fund - Regular - Growth,Nippon India MF,Gilt,Debt,Regular,CRISIL_GILT,0.89,0.37,5.1779,-0.0097,0.0001,1149,6.19,5.31,1.33,4.0,alpha_precomputed & beta_precomputed are the authoritative values computed by dataset creators. alpha_ols / beta_ols are derived from synthetic NAV daily returns and should be used for methodology reference only.
120507,ICICI Pru Liquid Fund - Regular - Growth,ICICI Prudential MF,Liquid,Debt,Regular,CRISIL_LIQUID,1.85,0.26,6.3844,0.0585,0.0038,1147,8.89,7.68,7.68,0.5,alpha_precomputed & beta_precomputed are the authoritative values computed by dataset creators. alpha_ols / beta_ols are derived from synthetic NAV daily returns and should be used for methodology reference only.
120844,Kotak Liquid Fund - Regular - Growth,Kotak Mahindra MF,Liquid,Debt,Regular,CRISIL_LIQUID,1.52,0.47,6.3185,0.0229,0.0005,1147,4.26,6.18,6.18,0.5,alpha_precomputed & beta_precomputed are the authoritative values computed by dataset creators. alpha_ols / beta_ols are derived from synthetic NAV daily returns and should be used for methodology reference only.
101208,ABSL Liquid Fund - Regular - Growth,Aditya Birla Sun Life MF,Liquid,Debt,Regular,CRISIL_LIQUID,1.18,0.43,6.2775,-0.0301,0.0009,1147,6.18,5.14,5.14,0.5,alpha_precomputed & beta_precomputed are the authoritative values computed by dataset creators. alpha_ols / beta_ols are derived from synthetic NAV daily returns and should be used for methodology reference only.
100025,HDFC Short Term Debt Fund - Regular - Growth,HDFC Mutual Fund,Short Duration,Debt,Regular,CRISIL_LIQUID,1.98,0.44,5.1686,-0.1228,0.0003,1147,6.83,7.37,1.84,4.0,alpha_precomputed & beta_precomputed are the authoritative values computed by dataset creators. alpha_ols / beta_ols are derived from synthetic NAV daily returns and should be used for methodology reference only.
148569,Mirae Asset Tax Saver Fund - Regular - Growth,Mirae Asset MF,ELSS,Equity,Regular,NIFTY500,0.54,0.98,27.5084,0.0382,0.0009,1149,11.16,13.58,0.8,17.0,alpha_precomputed & beta_precomputed are the authoritative values computed by dataset creators. alpha_ols / beta_ols are derived from synthetic NAV daily returns and should be used for methodology reference only.
120843,Kotak Flexicap Fund - Regular - Growth,Kotak Mahindra MF,Flexi Cap,Equity,Regular,NIFTY500,1.85,0.95,27.7943,-0.0249,0.0005,1149,15.74,15.65,0.98,16.0,alpha_precomputed & beta_precomputed are the authoritative values computed by dataset creators. alpha_ols / beta_ols are derived from synthetic NAV daily returns and should be used for methodology reference only.
102887,UTI Flexi Cap Fund - Regular - Growth,UTI Mutual Fund,Flexi Cap,Equity,Regular,NIFTY500,1.79,1.0,16.5835,-0.015,0.0002,1149,17.43,15.34,0.96,16.0,alpha_precomputed & beta_precomputed are the authoritative values computed by dataset creators. alpha_ols / beta_ols are derived from synthetic NAV daily returns and should be used for methodology reference only.
102885,UTI Nifty 50 Index Fund - Regular - Growth,UTI Mutual Fund,Index,Equity,Regular,NIFTY50,0.93,0.9,16.9927,-0.0019,0.0,1149,13.76,12.1,0.93,13.0,alpha_precomputed & beta_precomputed are the authoritative values computed by dataset creators. alpha_ols / beta_ols are derived from synthetic NAV daily returns and should be used for methodology reference only.
118635,Nippon India ETF Nifty 50 BeES,Nippon India MF,Index/ETF,Equity,Direct,NIFTY50,1.8,1.04,15.1606,-0.0138,0.0002,1149,10.14,11.77,0.91,13.0,alpha_precomputed & beta_precomputed are the authoritative values computed by dataset creators. alpha_ols / beta_ols are derived from synthetic NAV daily returns and should be used for methodology reference only.
148568,Mirae Asset Emerging Bluechip Fund - Regular - Growth,Mirae Asset MF,Large & Mid Cap,Equity,Regular,NIFTY_MIDCAP150,1.7,0.99,20.396,0.014,0.0003,1149,14.91,14.56,0.91,16.0,alpha_precomputed & beta_precomputed are the authoritative values computed by dataset creators. alpha_ols / beta_ols are derived from synthetic NAV daily returns and should be used for methodology reference only.
149322,DSP Top 100 Equity Fund - Regular - Growth,DSP Mutual Fund,Large Cap,Equity,Regular,NIFTY100,1.82,0.91,13.1732,-0.0041,0.0,1149,11.96,12.82,0.92,14.0,alpha_precomputed & beta_precomputed are the authoritative values computed by dataset creators. alpha_ols / beta_ols are derived from synthetic NAV daily returns and should be used for methodology reference only.
119552,SBI Bluechip Fund - Direct Plan - Growth,SBI Mutual Fund,Large Cap,Equity,Direct,NIFTY100,1.78,0.87,19.8686,-0.0262,0.0006,1149,15.25,11.3,0.81,14.0,alpha_precomputed & beta_precomputed are the authoritative values computed by dataset creators. alpha_ols / beta_ols are derived from synthetic NAV daily returns and should be used for methodology reference only.
118633,Nippon India Large Cap Fund - Direct - Growth,Nippon India MF,Large Cap,Equity,Direct,NIFTY100,1.7,1.02,15.6438,-0.0366,0.0011,1149,14.42,12.33,0.88,14.0,alpha_precomputed & beta_precomputed are the authoritative values computed by dataset creators. alpha_ols / beta_ols are derived from synthetic NAV daily returns and should be used for methodology reference only.
148567,Mirae Asset Large Cap Fund - Regular - Growth,Mirae Asset MF,Large Cap,Equity,Regular,NIFTY100,1.62,0.96,26.9838,0.0237,0.0005,1149,15.12,14.81,1.06,14.0,alpha_precomputed & beta_precomputed are the authoritative values computed by dataset creators. alpha_ols / beta_ols are derived from synthetic NAV daily returns and should be used for methodology reference only.
119093,Axis Bluechip Fund - Direct - Growth,Axis Mutual Fund,Large Cap,Equity,Direct,NIFTY100,1.43,0.87,8.2328,0.0259,0.0006,1149,13.95,12.14,0.87,14.0,alpha_precomputed & beta_precomputed are the authoritative values computed by dataset creators. alpha_ols / beta_ols are derived from synthetic NAV daily returns and should be used for methodology reference only.
119092,Axis Bluechip Fund - Regular - Growth,Axis Mutual Fund,Large Cap,Equity,Regular,NIFTY100,1.41,0.91,6.8995,0.0097,0.0001,1149,11.82,11.84,0.85,14.0,alpha_precomputed & beta_precomputed are the authoritative values computed by dataset creators. alpha_ols / beta_ols are derived from synthetic NAV daily returns and should be used for methodology reference only.
101206,ABSL Frontline Equity Fund - Regular - Growth,Aditya Birla Sun Life MF,Large Cap,Equity,Regular,NIFTY100,1.34,1.03,21.3998,0.0211,0.0003,1149,14.82,13.78,0.98,14.0,alpha_precomputed & beta_precomputed are the authoritative values computed by dataset creators. alpha_ols / beta_ols are derived from synthetic NAV daily returns and should be used for methodology reference only.
120841,Kotak Bluechip Fund - Regular - Growth,Kotak Mahindra MF,Large Cap,Equity,Regular,NIFTY100,1.27,0.93,13.0429,0.0364,0.0012,1149,14.37,12.25,0.87,14.0,alpha_precomputed & beta_precomputed are the authoritative values computed by dataset creators. alpha_ols / beta_ols are derived from synthetic NAV daily returns and should be used for methodology reference only.
125497,HDFC Top 100 Fund - Direct Plan - Growth,HDFC Mutual Fund,Large Cap,Equity,Direct,NIFTY100,1.13,0.97,17.7298,0.0488,0.0018,1149,11.48,13.38,0.96,14.0,alpha_precomputed & beta_precomputed are the authoritative values computed by dataset creators. alpha_ols / beta_ols are derived from synthetic NAV daily returns and should be used for methodology reference only.
120504,ICICI Pru Bluechip Fund - Direct - Growth,ICICI Prudential MF,Large Cap,Equity,Direct,NIFTY100,0.88,1.03,21.1948,0.0162,0.0002,1149,14.12,14.41,1.03,14.0,alpha_precomputed & beta_precomputed are the authoritative values computed by dataset creators. alpha_ols / beta_ols are derived from synthetic NAV daily returns and should be used for methodology reference only.
119551,SBI Bluechip Fund - Regular Plan - Growth,SBI Mutual Fund,Large Cap,Equity,Regular,NIFTY100,0.87,0.89,23.201,-0.0318,0.0009,1149,12.42,12.36,0.88,14.0,alpha_precomputed & beta_precomputed are the authoritative values computed by dataset creators. alpha_ols / beta_ols are derived from synthetic NAV daily returns and should be used for methodology reference only.
118632,Nippon India Large Cap Fund - Regular - Growth,Nippon India MF,Large Cap,Equity,Regular,NIFTY100,0.86,0.88,21.8294,-0.0084,0.0001,1149,15.84,14.0,1.0,14.0,alpha_precomputed & beta_precomputed are the authoritative values computed by dataset creators. alpha_ols / beta_ols are derived from synthetic NAV daily returns and should be used for methodology reference only.
100016,HDFC Top 100 Fund - Regular Plan - Growth,HDFC Mutual Fund,Large Cap,Equity,Regular,NIFTY100,0.78,0.97,3.7476,-0.0583,0.0027,1149,10.94,14.84,1.06,14.0,alpha_precomputed & beta_precomputed are the authoritative values computed by dataset creators. alpha_ols / beta_ols are derived from synthetic NAV daily returns and should be used for methodology reference only.
120503,ICICI Pru Bluechip Fund - Regular - Growth,ICICI Prudential MF,Large Cap,Equity,Regular,NIFTY100,0.66,0.96,17.7033,-0.0403,0.0014,1149,15.63,11.54,0.82,14.0,alpha_precomputed & beta_precomputed are the authoritative values computed by dataset creators. alpha_ols / beta_ols are derived from synthetic NAV daily returns and should be used for methodology reference only.
120842,Kotak Emerging Equity Fund - Regular - Growth,Kotak Mahindra MF,Mid Cap,Equity,Regular,NIFTY_MIDCAP150,1.91,1.0,8.8508,-0.0351,0.0012,1149,17.12,18.23,0.96,19.0,alpha_precomputed & beta_precomputed are the authoritative values computed by dataset creators. alpha_ols / beta_ols are derived from synthetic NAV daily returns and should be used for methodology reference only.
119094,Axis Midcap Fund - Regular - Growth,Axis Mutual Fund,Mid Cap,Equity,Regular,NIFTY_MIDCAP150,1.42,1.0,26.9302,-0.0374,0.0012,1149,14.88,15.18,0.8,19.0,alpha_precomputed & beta_precomputed are the authoritative values computed by dataset creators. alpha_ols / beta_ols are derived from synthetic NAV daily returns and should be used for methodology reference only.
102886,UTI Mid Cap Fund - Regular - Growth,UTI Mutual Fund,Mid Cap,Equity,Regular,NIFTY_MIDCAP150,1.12,0.92,4.1539,-0.0491,0.0023,1149,16.3,15.61,0.82,19.0,alpha_precomputed & beta_precomputed are the authoritative values computed by dataset creators. alpha_ols / beta_ols are derived from synthetic NAV daily returns and should be used for methodology reference only.
149323,DSP Midcap Fund - Regular - Growth,DSP Mutual Fund,Mid Cap,Equity,Regular,NIFTY_MIDCAP150,1.02,0.98,26.9121,-0.0114,0.0001,1149,14.12,17.16,0.9,19.0,alpha_precomputed & beta_precomputed are the authoritative values computed by dataset creators. alpha_ols / beta_ols are derived from synthetic NAV daily returns and should be used for methodology reference only.
100033,HDFC Mid-Cap Opportunities Fund - Regular - Growth,HDFC Mutual Fund,Mid Cap,Equity,Regular,NIFTY_MIDCAP150,0.95,0.91,26.3347,0.031,0.0009,1149,15.43,16.58,0.87,19.0,alpha_precomputed & beta_precomputed are the authoritative values computed by dataset creators. alpha_ols / beta_ols are derived from synthetic NAV daily returns and should be used for methodology reference only.
125498,HDFC Mid-Cap Opportunities Fund - Direct - Growth,HDFC Mutual Fund,Mid Cap,Equity,Direct,NIFTY_MIDCAP150,0.9,1.04,10.3438,0.0592,0.0033,1149,19.98,15.29,0.8,19.0,alpha_precomputed & beta_precomputed are the authoritative values computed by dataset creators. alpha_ols / beta_ols are derived from synthetic NAV daily returns and should be used for methodology reference only.
120505,ICICI Pru Midcap Fund - Regular - Growth,ICICI Prudential MF,Mid Cap,Equity,Regular,NIFTY_MIDCAP150,0.89,1.0,29.3099,-0.0016,0.0,1149,14.02,18.08,0.95,19.0,alpha_precomputed & beta_precomputed are the authoritative values computed by dataset creators. alpha_ols / beta_ols are derived from synthetic NAV daily returns and should be used for methodology reference only.
101207,ABSL Small Cap Fund - Regular - Growth,Aditya Birla Sun Life MF,Small Cap,Equity,Regular,NIFTY500,1.84,0.97,10.2843,0.0192,0.0001,1149,24.93,22.38,0.9,25.0,alpha_precomputed & beta_precomputed are the authoritative values computed by dataset creators. alpha_ols / beta_ols are derived from synthetic NAV daily returns and should be used for methodology reference only.
119598,SBI Small Cap Fund - Regular Plan - Growth,SBI Mutual Fund,Small Cap,Equity,Regular,NIFTY500,1.23,0.89,29.6213,0.0301,0.0003,1149,24.56,23.39,0.94,25.0,alpha_precomputed & beta_precomputed are the authoritative values computed by dataset creators. alpha_ols / beta_ols are derived from synthetic NAV daily returns and should be used for methodology reference only.
119599,SBI Small Cap Fund - Direct Plan - Growth,SBI Mutual Fund,Small Cap,Equity,Direct,NIFTY500,1.13,1.04,5.9299,-0.04,0.0005,1149,20.59,23.14,0.93,25.0,alpha_precomputed & beta_precomputed are the authoritative values computed by dataset creators. alpha_ols / beta_ols are derived from synthetic NAV daily returns and should be used for methodology reference only.
118634,Nippon India Small Cap Fund - Regular - Growth,Nippon India MF,Small Cap,Equity,Regular,NIFTY500,0.8,1.03,18.2097,-0.0182,0.0001,1149,21.3,20.15,0.81,25.0,alpha_precomputed & beta_precomputed are the authoritative values computed by dataset creators. alpha_ols / beta_ols are derived from synthetic NAV daily returns and should be used for methodology reference only.
149324,DSP Small Cap Fund - Regular - Growth,DSP Mutual Fund,Small Cap,Equity,Regular,NIFTY500,0.69,0.98,30.5512,-0.0214,0.0001,1149,20.2,20.08,0.8,25.0,alpha_precomputed & beta_precomputed are the authoritative values computed by dataset creators. alpha_ols / beta_ols are derived from synthetic NAV daily returns and should be used for methodology reference only.
119095,Axis Small Cap Fund - Regular - Growth,Axis Mutual Fund,Small Cap,Equity,Regular,NIFTY500,0.51,1.0,4.04,0.026,0.0002,1149,21.97,20.98,0.84,25.0,alpha_precomputed & beta_precomputed are the authoritative values computed by dataset creators. alpha_ols / beta_ols are derived from synthetic NAV daily returns and should be used for methodology reference only.
120506,ICICI Pru Value Discovery Fund - Regular - Growth,ICICI Prudential MF,Value,Equity,Regular,NIFTY500,0.55,0.92,15.2088,0.0548,0.0025,1149,16.67,14.76,0.98,15.0,alpha_precomputed & beta_precomputed are the authoritative values computed by dataset creators. alpha_ols / beta_ols are derived from synthetic NAV daily returns and should be used for methodology reference only.
