composite_rank,composite_score,scheme_name,fund_house,sub_category,return_3yr_pct,sharpe_ratio,alpha,expense_ratio_pct,max_drawdown_pct
1,71.8,Kotak Flexicap Fund - Regular - Growth,Kotak Mahindra MF,Flexi Cap,15.65,0.98,1.85,1.45,-19.5
2,70.6,SBI Small Cap Fund - Regular Plan - Growth,SBI Mutual Fund,Small Cap,23.39,0.94,1.23,1.43,-13.35
3,70.5,ICICI Pru Liquid Fund - Regular - Growth,ICICI Prudential MF,Liquid,7.68,7.68,1.85,0.74,-2.62
4,70.2,HDFC Short Term Debt Fund - Regular - Growth,HDFC Mutual Fund,Short Duration,7.37,1.84,1.98,0.56,-6.01
5,68.3,Kotak Emerging Equity Fund - Regular - Growth,Kotak Mahindra MF,Mid Cap,18.23,0.96,1.91,1.56,-21.92
6,68.0,SBI Small Cap Fund - Direct Plan - Growth,SBI Mutual Fund,Small Cap,23.14,0.93,1.13,0.72,-24.78
7,66.7,Mirae Asset Large Cap Fund - Regular - Growth,Mirae Asset MF,Large Cap,14.81,1.06,1.62,1.46,-17.07
8,65.0,ABSL Small Cap Fund - Regular - Growth,Aditya Birla Sun Life MF,Small Cap,22.38,0.9,1.84,1.53,-23.61
9,64.1,Kotak Liquid Fund - Regular - Growth,Kotak Mahindra MF,Liquid,6.18,6.18,1.52,0.6,-3.81
10,62.8,UTI Flexi Cap Fund - Regular - Growth,UTI Mutual Fund,Flexi Cap,15.34,0.96,1.79,1.64,-12.14
11,60.5,SBI Magnum Gilt Fund - Regular Plan - Growth,SBI Mutual Fund,Gilt,6.07,1.52,1.6,0.77,-2.3
12,59.8,ICICI Pru Midcap Fund - Regular - Growth,ICICI Prudential MF,Mid Cap,18.08,0.95,0.89,1.36,-21.84
13,55.0,HDFC Mid-Cap Opportunities Fund - Regular - Growth,HDFC Mutual Fund,Mid Cap,16.58,0.87,0.95,1.38,-13.67
13,55.0,ABSL Liquid Fund - Regular - Growth,Aditya Birla Sun Life MF,Liquid,5.14,5.14,1.18,0.79,-3.66
15,54.1,Nippon India Gilt Securities Fund - Regular - Growth,Nippon India MF,Gilt,5.31,1.33,0.89,0.55,-2.23
16,53.9,ICICI Pru Bluechip Fund - Direct - Growth,ICICI Prudential MF,Large Cap,14.41,1.03,0.88,0.8,-26.59
17,53.6,Nippon India Large Cap Fund - Direct - Growth,Nippon India MF,Large Cap,12.33,0.88,1.7,0.72,-18.14
18,52.8,ABSL Frontline Equity Fund - Regular - Growth,Aditya Birla Sun Life MF,Large Cap,13.78,0.98,1.34,1.6,-15.07
19,52.1,HDFC Top 100 Fund - Regular Plan - Growth,HDFC Mutual Fund,Large Cap,14.84,1.06,0.78,1.55,-17.41
20,51.6,Nippon India Large Cap Fund - Regular - Growth,Nippon India MF,Large Cap,14.0,1.0,0.86,1.51,-16.07
21,50.8,DSP Top 100 Equity Fund - Regular - Growth,DSP Mutual Fund,Large Cap,12.82,0.92,1.82,1.54,-21.7
22,50.4,Axis Small Cap Fund - Regular - Growth,Axis Mutual Fund,Small Cap,20.98,0.84,0.51,1.38,-14.45
23,49.4,ICICI Pru Value Discovery Fund - Regular - Growth,ICICI Prudential MF,Value,14.76,0.98,0.55,1.41,-21.89
24,49.2,Mirae Asset Emerging Bluechip Fund - Regular - Growth,Mirae Asset MF,Large & Mid Cap,14.56,0.91,1.7,1.52,-33.15
25,49.1,UTI Mid Cap Fund - Regular - Growth,UTI Mutual Fund,Mid Cap,15.61,0.82,1.12,1.51,-13.43
26,48.6,HDFC Top 100 Fund - Direct Plan - Growth,HDFC Mutual Fund,Large Cap,13.38,0.96,1.13,0.92,-33.5
27,48.1,Axis Bluechip Fund - Direct - Growth,Axis Mutual Fund,Large Cap,12.14,0.87,1.43,0.75,-17.4
28,47.8,Nippon India ETF Nifty 50 BeES,Nippon India MF,Index/ETF,11.77,0.91,1.8,0.89,-26.75
29,45.2,DSP Midcap Fund - Regular - Growth,DSP Mutual Fund,Mid Cap,17.16,0.9,1.02,1.61,-26.99
30,43.3,Axis Midcap Fund - Regular - Growth,Axis Mutual Fund,Mid Cap,15.18,0.8,1.42,1.38,-32.38
31,42.5,DSP Small Cap Fund - Regular - Growth,DSP Mutual Fund,Small Cap,20.08,0.8,0.69,1.52,-17.01
32,41.6,SBI Bluechip Fund - Direct Plan - Growth,SBI Mutual Fund,Large Cap,11.3,0.81,1.78,0.66,-24.43
33,40.9,HDFC Mid-Cap Opportunities Fund - Direct - Growth,HDFC Mutual Fund,Mid Cap,15.29,0.8,0.9,0.78,-32.22
34,39.9,Nippon India Small Cap Fund - Regular - Growth,Nippon India MF,Small Cap,20.15,0.81,0.8,1.53,-30.87
35,36.2,Kotak Bluechip Fund - Regular - Growth,Kotak Mahindra MF,Large Cap,12.25,0.87,1.27,1.59,-17.86
36,34.6,UTI Nifty 50 Index Fund - Regular - Growth,UTI Mutual Fund,Index,12.1,0.93,0.93,1.57,-24.42
37,33.6,SBI Bluechip Fund - Regular Plan - Growth,SBI Mutual Fund,Large Cap,12.36,0.88,0.87,1.54,-21.7
38,27.8,Axis Bluechip Fund - Regular - Growth,Axis Mutual Fund,Large Cap,11.84,0.85,1.41,1.64,-27.54
39,23.1,ICICI Pru Bluechip Fund - Regular - Growth,ICICI Prudential MF,Large Cap,11.54,0.82,0.66,1.42,-25.91
40,21.5,Mirae Asset Tax Saver Fund - Regular - Growth,Mirae Asset MF,ELSS,13.58,0.8,0.54,1.6,-22.62
