amfi_code,sector_hhi,concentration_grade,scheme_name,sub_category
100016,1805.88,Moderately Concentrated,HDFC Top 100 Fund - Regular Plan - Growth,Large Cap
100033,2276.47,Moderately Concentrated,HDFC Mid-Cap Opportunities Fund - Regular - Growth,Mid Cap
101206,1800.42,Moderately Concentrated,ABSL Frontline Equity Fund - Regular - Growth,Large Cap
101207,2227.27,Moderately Concentrated,ABSL Small Cap Fund - Regular - Growth,Small Cap
102885,1807.12,Moderately Concentrated,UTI Nifty 50 Index Fund - Regular - Growth,Index
102886,1240.2,Diversified,UTI Mid Cap Fund - Regular - Growth,Mid Cap
102887,2513.83,Highly Concentrated,UTI Flexi Cap Fund - Regular - Growth,Flexi Cap
118632,2072.59,Moderately Concentrated,Nippon India Large Cap Fund - Regular - Growth,Large Cap
118633,2212.0,Moderately Concentrated,Nippon India Large Cap Fund - Direct - Growth,Large Cap
118634,1602.99,Moderately Concentrated,Nippon India Small Cap Fund - Regular - Growth,Small Cap
118635,2374.97,Moderately Concentrated,Nippon India ETF Nifty 50 BeES,Index/ETF
119092,2967.69,Highly Concentrated,Axis Bluechip Fund - Regular - Growth,Large Cap
119093,1842.33,Moderately Concentrated,Axis Bluechip Fund - Direct - Growth,Large Cap
119094,1751.0,Moderately Concentrated,Axis Midcap Fund - Regular - Growth,Mid Cap
119095,1595.82,Moderately Concentrated,Axis Small Cap Fund - Regular - Growth,Small Cap
119551,1424.91,Diversified,SBI Bluechip Fund - Regular Plan - Growth,Large Cap
119552,2275.08,Moderately Concentrated,SBI Bluechip Fund - Direct Plan - Growth,Large Cap
119598,1880.85,Moderately Concentrated,SBI Small Cap Fund - Regular Plan - Growth,Small Cap
119599,2323.61,Moderately Concentrated,SBI Small Cap Fund - Direct Plan - Growth,Small Cap
120503,1821.68,Moderately Concentrated,ICICI Pru Bluechip Fund - Regular - Growth,Large Cap
120504,2212.13,Moderately Concentrated,ICICI Pru Bluechip Fund - Direct - Growth,Large Cap
120505,2386.95,Moderately Concentrated,ICICI Pru Midcap Fund - Regular - Growth,Mid Cap
120506,2314.64,Moderately Concentrated,ICICI Pru Value Discovery Fund - Regular - Growth,Value
120841,2158.93,Moderately Concentrated,Kotak Bluechip Fund - Regular - Growth,Large Cap
120842,1620.62,Moderately Concentrated,Kotak Emerging Equity Fund - Regular - Growth,Mid Cap
120843,1362.06,Diversified,Kotak Flexicap Fund - Regular - Growth,Flexi Cap
125497,1724.11,Moderately Concentrated,HDFC Top 100 Fund - Direct Plan - Growth,Large Cap
125498,2531.55,Highly Concentrated,HDFC Mid-Cap Opportunities Fund - Direct - Growth,Mid Cap
148567,2012.48,Moderately Concentrated,Mirae Asset Large Cap Fund - Regular - Growth,Large Cap
148568,2180.86,Moderately Concentrated,Mirae Asset Emerging Bluechip Fund - Regular - Growth,Large & Mid Cap
148569,2549.92,Highly Concentrated,Mirae Asset Tax Saver Fund - Regular - Growth,ELSS
149322,1826.95,Moderately Concentrated,DSP Top 100 Equity Fund - Regular - Growth,Large Cap
149323,2410.77,Moderately Concentrated,DSP Midcap Fund - Regular - Growth,Mid Cap
149324,1887.01,Moderately Concentrated,DSP Small Cap Fund - Regular - Growth,Small Cap
