investor_id,sip_count,avg_gap_days,max_gap_days,std_gap_days,is_at_risk,total_sip_inr,avg_sip_amount
INV000004,6,85.4,265,101.4,1,48256.0,8042.67
INV000008,6,70.4,165,59.5,1,72853.0,12142.17
INV000010,6,64.8,139,50.8,1,32183.0,5363.83
INV000011,7,40.2,125,43.8,1,93920.0,13417.14
INV000012,8,57.0,132,43.0,1,40139.0,5017.38
INV000013,7,55.3,104,44.5,1,75613.0,10801.86
INV000014,7,75.3,128,42.2,1,140315.0,20045.0
INV000023,8,58.6,115,36.6,1,202529.0,25316.12
INV000028,6,93.6,238,86.0,1,84262.0,14043.67
INV000029,7,60.7,96,33.0,1,90012.0,12858.86
INV000030,9,47.6,100,34.6,1,76470.0,8496.67
INV000033,8,45.6,87,31.4,1,46033.0,5754.12
INV000039,6,68.6,129,41.7,1,99338.0,16556.33
INV000045,6,70.6,109,37.0,1,114438.0,19073.0
INV000048,9,46.0,168,51.9,1,40327.0,4480.78
INV000052,6,36.2,120,49.3,1,24378.0,4063.0
INV000056,6,74.8,161,49.0,1,60977.0,10162.83
INV000057,8,49.7,149,48.5,1,90907.0,11363.38
INV000069,10,49.1,129,36.9,1,156054.0,15605.4
INV000072,6,83.0,247,93.3,1,49372.0,8228.67
INV000073,9,48.2,112,33.5,1,113509.0,12612.11
INV000074,8,72.6,191,68.0,1,106669.0,13333.62
INV000075,6,74.8,102,22.0,1,147761.0,24626.83
INV000076,6,91.8,203,79.3,1,50910.0,8485.0
INV000079,6,65.8,90,33.2,1,42160.0,7026.67
INV000081,7,81.3,167,48.6,1,54704.0,7814.86
INV000082,7,83.7,351,132.8,1,27594.0,3942.0
INV000086,10,44.7,167,50.9,1,81221.0,8122.1
INV000087,6,92.8,202,68.8,1,105288.0,17548.0
INV000091,8,44.0,105,43.1,1,55134.0,6891.75
INV000093,7,55.5,91,25.5,1,141515.0,20216.43
INV000094,6,44.8,95,45.4,1,49928.0,8321.33
INV000095,6,69.4,155,50.1,1,92823.0,15470.5
INV000097,7,54.5,183,70.6,1,155107.0,22158.14
INV000101,8,65.0,197,65.0,1,112802.0,14100.25
INV000102,8,65.3,109,41.9,1,114074.0,14259.25
INV000103,6,83.4,232,87.5,1,20675.0,3445.83
INV000105,8,57.0,87,23.9,1,86911.0,10863.88
INV000109,9,46.2,63,20.6,1,67651.0,7516.78
INV000113,8,46.0,144,48.8,1,84349.0,10543.62
INV000123,7,59.7,142,54.2,1,113633.0,16233.29
INV000128,6,82.0,181,74.2,1,38273.0,6378.83
INV000131,7,56.0,123,36.3,1,102201.0,14600.14
INV000132,6,71.0,139,49.3,1,88403.0,14733.83
INV000133,6,88.2,265,106.1,1,74695.0,12449.17
INV000138,6,76.2,220,87.9,1,156066.0,26011.0
INV000145,6,89.4,282,110.1,1,127034.0,21172.33
INV000146,6,66.8,171,71.1,1,88618.0,14769.67
INV000148,9,52.0,168,54.8,1,90012.0,10001.33
INV000155,7,37.3,99,36.3,1,57530.0,8218.57
INV000161,7,73.0,213,71.0,1,44287.0,6326.71
INV000163,8,61.0,80,19.2,1,58271.0,7283.88
INV000164,6,61.8,208,82.3,1,25253.0,4208.83
INV000169,7,67.8,145,55.1,1,48708.0,6958.29
INV000173,7,57.7,165,55.3,1,78387.0,11198.14
INV000175,7,83.7,170,62.2,1,71320.0,10188.57
INV000177,8,65.4,278,95.0,1,51520.0,6440.0
INV000180,6,61.8,229,94.5,1,15924.0,2654.0
INV000183,9,56.1,216,71.0,1,86040.0,9560.0
INV000191,7,56.5,161,61.2,1,68656.0,9808.0
INV000194,7,58.0,109,27.2,1,61857.0,8836.71
INV000195,6,77.4,114,41.4,1,21739.0,3623.17
INV000196,7,69.0,176,68.4,1,80685.0,11526.43
INV000201,9,51.1,100,31.2,1,98278.0,10919.78
INV000205,8,62.6,193,68.8,1,72091.0,9011.38
INV000210,8,70.7,163,53.8,1,93572.0,11696.5
INV000214,6,94.8,306,119.7,1,67357.0,11226.17
INV000217,6,92.0,183,75.5,1,44146.0,7357.67
INV000228,9,59.8,188,60.4,1,239176.0,26575.11
INV000236,8,67.1,112,33.2,1,112217.0,14027.12
INV000238,6,93.6,287,108.6,1,146422.0,24403.67
INV000239,8,48.9,105,29.4,1,161292.0,20161.5
INV000243,6,88.2,137,50.8,1,58145.0,9690.83
INV000245,6,92.2,164,49.5,1,46023.0,7670.5
INV000249,7,45.5,162,59.0,1,194759.0,27822.71
INV000252,6,50.4,96,43.8,1,103128.0,17188.0
INV000255,6,48.6,103,41.8,1,34653.0,5775.5
INV000256,6,70.2,155,68.6,1,31902.0,5317.0
INV000259,6,70.6,165,63.0,1,81938.0,13656.33
INV000260,8,59.6,206,68.3,1,139633.0,17454.12
INV000262,8,53.6,122,51.7,1,47209.0,5901.12
INV000263,8,68.4,271,95.6,1,157678.0,19709.75
INV000265,10,53.4,140,55.6,1,203433.0,20343.3
INV000268,7,62.3,143,44.0,1,79605.0,11372.14
INV000279,9,43.4,133,45.1,1,61623.0,6847.0
INV000280,9,55.8,191,59.3,1,145194.0,16132.67
INV000283,6,68.0,195,73.2,1,24362.0,4060.33
INV000287,7,69.8,301,114.8,1,64351.0,9193.0
INV000289,8,62.7,142,45.0,1,81640.0,10205.0
INV000291,6,89.0,196,76.9,1,76178.0,12696.33
INV000292,7,46.0,95,33.0,1,123656.0,17665.14
INV000293,7,47.0,91,33.9,1,70574.0,10082.0
INV000297,6,90.6,163,58.1,1,22338.0,3723.0
INV000299,6,85.2,240,92.6,1,45557.0,7592.83
INV000304,7,70.0,204,76.5,1,79554.0,11364.86
INV000309,8,52.0,157,53.0,1,63146.0,7893.25
INV000310,7,75.8,164,56.0,1,46368.0,6624.0
INV000318,6,97.4,175,53.1,1,69726.0,11621.0
INV000319,7,73.5,201,70.5,1,40143.0,5734.71
INV000321,7,72.8,204,67.6,1,91225.0,13032.14
INV000328,9,37.5,73,23.2,1,64273.0,7141.44
INV000331,8,50.7,163,52.5,1,124378.0,15547.25
INV000334,7,25.5,60,22.7,1,43720.0,6245.71
INV000335,6,96.0,279,105.9,1,68848.0,11474.67
INV000339,6,94.0,195,79.0,1,74556.0,12426.0
INV000341,8,54.4,191,76.7,1,76460.0,9557.5
INV000356,6,54.4,157,61.7,1,72865.0,12144.17
INV000359,9,54.1,197,61.8,1,93451.0,10383.44
INV000363,7,77.0,153,51.0,1,59677.0,8525.29
INV000369,6,43.8,112,41.2,1,22654.0,3775.67
INV000371,8,59.3,147,54.9,1,71985.0,8998.12
INV000372,7,54.5,121,48.7,1,89873.0,12839.0
INV000380,6,97.0,272,102.7,1,72700.0,12116.67
INV000388,9,53.6,119,38.1,1,109420.0,12157.78
INV000392,7,77.2,205,80.1,1,39530.0,5647.14
INV000395,7,55.7,119,48.8,1,23004.0,3286.29
INV000396,6,83.2,153,62.0,1,46049.0,7674.83
INV000399,10,49.6,68,19.7,1,58193.0,5819.3
INV000400,6,62.6,101,33.2,1,21256.0,3542.67
INV000403,6,58.2,90,33.4,1,74178.0,12363.0
INV000407,6,82.4,157,52.8,1,112123.0,18687.17
INV000408,6,46.8,125,49.0,1,47374.0,7895.67
INV000412,8,43.7,70,23.0,1,87441.0,10930.12
INV000414,8,66.3,233,76.8,1,95455.0,11931.88
INV000415,7,66.2,128,53.8,1,42775.0,6110.71
INV000418,6,86.8,238,96.8,1,113497.0,18916.17
INV000427,7,68.5,116,52.8,1,106145.0,15163.57
INV000428,8,52.1,164,54.8,1,54350.0,6793.75
INV000429,6,77.2,187,69.9,1,117284.0,19547.33
INV000437,6,97.8,295,115.5,1,32739.0,5456.5
INV000440,8,69.6,162,61.1,1,33647.0,4205.88
INV000441,6,60.8,151,56.8,1,45638.0,7606.33
INV000444,6,73.2,129,40.7,1,76737.0,12789.5
INV000445,9,57.8,129,34.5,1,52898.0,5877.56
INV000446,6,38.6,101,41.9,1,31195.0,5199.17
INV000449,6,46.8,70,19.0,1,59567.0,9927.83
INV000452,9,49.4,123,35.8,1,84270.0,9363.33
INV000457,6,91.4,256,103.9,1,32725.0,5454.17
INV000460,6,43.4,107,44.7,1,35369.0,5894.83
INV000463,7,65.2,181,60.4,1,144163.0,20594.71
INV000466,7,73.3,135,55.2,1,125151.0,17878.71
INV000467,10,56.7,272,86.2,1,65408.0,6540.8
INV000469,7,70.5,183,67.9,1,34180.0,4882.86
INV000483,8,70.4,252,83.8,1,142115.0,17764.38
INV000491,6,95.0,202,75.3,1,43008.0,7168.0
INV000493,10,47.6,201,60.9,1,130085.0,13008.5
INV000497,7,71.8,191,73.2,1,72087.0,10298.14
INV000499,7,77.8,157,54.0,1,127344.0,18192.0
INV000507,7,70.2,249,91.8,1,58920.0,8417.14
INV000512,9,54.8,112,43.0,1,73426.0,8158.44
INV000522,6,100.8,309,118.7,1,28275.0,4712.5
INV000524,7,55.0,91,32.1,1,118571.0,16938.71
INV000527,6,50.8,116,49.8,1,115570.0,19261.67
INV000529,6,59.2,110,42.7,1,23027.0,3837.83
INV000531,7,47.0,82,32.2,1,151584.0,21654.86
INV000539,7,77.0,153,64.8,1,107371.0,15338.71
INV000540,7,73.5,123,33.8,1,78276.0,11182.29
INV000543,7,83.7,218,77.4,1,162711.0,23244.43
INV000545,6,80.6,181,66.2,1,48548.0,8091.33
INV000546,9,55.0,154,60.9,1,92002.0,10222.44
INV000547,6,55.8,140,49.2,1,37135.0,6189.17
INV000549,6,96.2,146,51.5,1,86784.0,14464.0
INV000553,6,72.0,172,62.5,1,54698.0,9116.33
INV000554,6,70.2,171,64.8,1,56741.0,9456.83
INV000556,8,52.4,156,49.1,1,126416.0,15802.0
INV000562,6,74.4,197,90.5,1,48292.0,8048.67
INV000563,7,76.3,198,69.1,1,59358.0,8479.71
INV000566,7,35.0,119,43.0,1,120009.0,17144.14
INV000567,6,63.8,166,74.8,1,33277.0,5546.17
INV000568,6,62.4,180,72.4,1,106953.0,17825.5
INV000570,8,67.3,186,63.3,1,136242.0,17030.25
INV000573,7,50.8,154,52.3,1,114632.0,16376.0
INV000575,6,71.6,155,66.2,1,43192.0,7198.67
INV000578,7,66.8,164,59.9,1,91996.0,13142.29
INV000581,7,78.3,160,63.2,1,58863.0,8409.0
INV000586,7,44.5,111,35.9,1,138122.0,19731.71
INV000589,9,59.1,90,30.1,1,69345.0,7705.0
INV000591,7,64.5,112,42.4,1,15867.0,2266.71
INV000593,6,74.2,179,66.8,1,31078.0,5179.67
INV000596,9,51.8,140,48.5,1,169915.0,18879.44
INV000597,6,88.6,198,77.1,1,82488.0,13748.0
INV000599,7,81.5,171,58.9,1,103758.0,14822.57
INV000607,7,66.7,209,82.8,1,38693.0,5527.57
INV000608,6,100.2,324,130.9,1,45475.0,7579.17
INV000609,6,47.0,87,35.7,1,44212.0,7368.67
INV000612,11,49.3,169,49.3,1,123648.0,11240.73
INV000615,7,55.8,139,57.7,1,29577.0,4225.29
INV000624,7,31.7,53,18.5,1,131937.0,18848.14
INV000625,6,86.4,134,33.6,1,23397.0,3899.5
INV000630,7,68.7,161,56.2,1,55182.0,7883.14
INV000631,6,54.0,145,59.2,1,45319.0,7553.17
INV000634,9,52.2,147,43.3,1,98595.0,10955.0
INV000635,6,75.0,240,95.6,1,30163.0,5027.17
INV000641,6,54.8,126,53.4,1,92825.0,15470.83
INV000642,9,53.5,139,45.6,1,109817.0,12201.89
INV000645,6,66.0,127,54.4,1,26646.0,4441.0
INV000646,7,62.3,138,42.5,1,76212.0,10887.43
INV000651,6,94.0,304,130.2,1,34381.0,5730.17
INV000652,6,93.8,262,96.5,1,34837.0,5806.17
INV000657,8,64.7,106,31.5,1,103388.0,12923.5
INV000662,8,66.1,185,61.0,1,34238.0,4279.75
INV000663,6,94.4,247,94.9,1,83316.0,13886.0
INV000665,10,36.2,148,46.3,1,56140.0,5614.0
INV000667,6,68.0,134,54.1,1,117715.0,19619.17
INV000673,6,92.8,235,81.9,1,145533.0,24255.5
INV000675,6,62.8,155,63.9,1,23160.0,3860.0
INV000676,11,35.3,106,32.8,1,174741.0,15885.55
INV000678,7,63.3,140,44.7,1,36623.0,5231.86
INV000683,9,54.5,137,55.7,1,47678.0,5297.56
INV000690,8,56.3,134,37.6,1,169171.0,21146.38
INV000691,6,66.4,163,59.4,1,50363.0,8393.83
INV000698,9,52.2,219,72.6,1,77848.0,8649.78
INV000699,6,42.8,147,59.1,1,51568.0,8594.67
INV000701,7,83.7,298,107.4,1,51486.0,7355.14
INV000707,9,34.4,106,33.4,1,50988.0,5665.33
INV000709,7,65.2,128,46.5,1,143724.0,20532.0
INV000710,6,88.6,264,101.3,1,62975.0,10495.83
INV000714,9,37.0,95,33.6,1,47519.0,5279.89
INV000718,7,57.8,118,47.2,1,52719.0,7531.29
INV000719,7,72.8,185,71.4,1,131252.0,18750.29
INV000724,6,81.2,227,98.4,1,33281.0,5546.83
INV000725,7,67.7,92,22.2,1,89962.0,12851.71
INV000734,8,64.0,180,63.3,1,108076.0,13509.5
INV000737,6,92.6,168,45.0,1,146341.0,24390.17
INV000747,6,84.6,205,94.4,1,86939.0,14489.83
INV000750,9,26.5,84,25.7,1,95979.0,10664.33
INV000751,9,53.0,193,62.9,1,42163.0,4684.78
INV000754,7,72.3,103,28.4,1,97616.0,13945.14
INV000759,7,83.0,156,65.6,1,44038.0,6291.14
INV000761,7,75.2,173,67.9,1,115474.0,16496.29
INV000768,8,60.0,124,31.8,1,81075.0,10134.38
INV000772,6,46.0,81,31.7,1,88779.0,14796.5
INV000774,7,73.7,169,71.3,1,83715.0,11959.29
INV000776,8,59.4,116,34.1,1,40424.0,5053.0
INV000777,6,66.0,121,38.8,1,20946.0,3491.0
INV000778,8,59.7,182,61.5,1,99237.0,12404.62
INV000779,6,75.0,153,65.0,1,12215.0,2035.83
INV000783,6,89.8,187,72.8,1,138175.0,23029.17
INV000785,6,32.6,66,21.3,1,29312.0,4885.33
INV000786,9,64.1,199,68.1,1,73859.0,8206.56
INV000789,8,55.1,225,76.3,1,110683.0,13835.38
INV000793,8,69.1,149,52.1,1,105129.0,13141.12
INV000803,7,77.2,147,40.9,1,75412.0,10773.14
INV000814,6,94.0,195,66.7,1,111708.0,18618.0
INV000822,7,55.5,141,52.3,1,68933.0,9847.57
INV000823,7,39.7,69,26.3,1,49395.0,7056.43
INV000827,8,58.3,122,39.6,1,46159.0,5769.88
INV000830,6,72.2,165,70.9,1,77141.0,12856.83
INV000833,8,67.3,182,78.2,1,88699.0,11087.38
INV000836,6,84.8,123,26.7,1,127974.0,21329.0
INV000843,6,55.6,102,43.4,1,49484.0,8247.33
INV000844,7,66.2,151,56.9,1,48647.0,6949.57
INV000847,6,47.8,75,22.1,1,20771.0,3461.83
INV000853,10,49.3,193,59.8,1,61865.0,6186.5
INV000854,9,61.2,170,62.2,1,149355.0,16595.0
INV000858,9,44.9,157,48.0,1,70918.0,7879.78
INV000862,6,91.2,372,157.6,1,119139.0,19856.5
INV000864,6,40.8,106,36.9,1,72191.0,12031.83
INV000865,9,45.8,99,34.9,1,164885.0,18320.56
INV000869,6,65.4,100,40.7,1,29400.0,4900.0
INV000873,7,73.5,299,113.5,1,44839.0,6405.57
INV000874,9,62.1,149,54.1,1,38895.0,4321.67
INV000877,6,59.4,159,62.3,1,116062.0,19343.67
INV000881,10,46.1,155,46.0,1,61437.0,6143.7
INV000887,7,65.7,268,102.1,1,115877.0,16553.86
INV000888,7,80.3,166,64.4,1,98413.0,14059.0
INV000893,7,59.5,147,48.4,1,93208.0,13315.43
INV000894,6,55.0,105,39.3,1,36994.0,6165.67
INV000901,6,54.0,95,30.8,1,36100.0,6016.67
INV000907,6,59.2,139,49.7,1,26520.0,4420.0
INV000920,6,75.6,220,84.5,1,97652.0,16275.33
INV000926,6,80.0,111,36.5,1,67012.0,11168.67
INV000929,7,58.2,116,37.5,1,150139.0,21448.43
INV000930,8,32.4,118,39.5,1,92989.0,11623.62
INV000935,9,30.9,73,27.8,1,152824.0,16980.44
INV000939,8,60.6,154,46.3,1,69507.0,8688.38
INV000942,7,53.0,92,29.6,1,138493.0,19784.71
INV000949,7,67.5,135,51.2,1,49784.0,7112.0
INV000950,6,91.0,215,83.6,1,37182.0,6197.0
INV000971,7,46.8,139,54.8,1,38940.0,5562.86
INV000974,7,73.5,143,52.6,1,40022.0,5717.43
INV000977,10,48.8,147,48.9,1,129735.0,12973.5
INV000979,6,79.8,115,21.3,1,141450.0,23575.0
INV000980,8,44.4,121,35.9,1,208518.0,26064.75
INV000981,6,50.4,104,41.6,1,68442.0,11407.0
INV000986,7,60.8,182,64.7,1,166388.0,23769.71
INV000994,6,63.8,167,59.2,1,55817.0,9302.83
INV001001,8,60.3,137,50.9,1,67731.0,8466.38
INV001002,7,41.7,85,35.4,1,38098.0,5442.57
INV001005,6,93.6,206,68.3,1,74535.0,12422.5
INV001008,7,64.7,191,68.9,1,63227.0,9032.43
INV001013,6,96.8,164,61.3,1,81838.0,13639.67
INV001017,6,67.0,142,58.7,1,27846.0,4641.0
INV001019,9,44.9,180,57.7,1,62583.0,6953.67
INV001021,7,68.7,186,66.9,1,54295.0,7756.43
INV001023,8,72.4,202,80.1,1,38036.0,4754.5
INV001025,6,38.8,76,27.9,1,77009.0,12834.83
INV001026,6,69.4,132,45.4,1,51600.0,8600.0
INV001037,10,42.0,86,32.0,1,73922.0,7392.2
INV001039,6,66.2,187,68.9,1,19840.0,3306.67
INV001041,7,83.0,195,77.6,1,72624.0,10374.86
INV001047,7,66.2,142,57.3,1,52894.0,7556.29
INV001048,8,47.0,84,29.3,1,36491.0,4561.38
INV001051,8,54.1,139,44.3,1,57451.0,7181.38
INV001053,8,55.9,116,43.1,1,46140.0,5767.5
INV001055,6,93.2,177,58.8,1,77109.0,12851.5
INV001060,9,53.4,89,32.3,1,113690.0,12632.22
INV001061,9,51.1,141,50.6,1,99794.0,11088.22
INV001063,8,43.3,120,37.9,1,30795.0,3849.38
INV001064,9,59.5,160,61.9,1,151648.0,16849.78
INV001069,8,41.3,98,33.1,1,96230.0,12028.75
INV001070,6,97.0,329,133.2,1,103923.0,17320.5
INV001092,7,77.3,186,57.1,1,75632.0,10804.57
INV001099,8,26.1,63,26.2,1,135739.0,16967.38
INV001102,7,55.3,87,25.8,1,87539.0,12505.57
INV001115,6,81.4,290,117.6,1,51387.0,8564.5
INV001116,9,58.1,194,62.7,1,74728.0,8303.11
INV001117,8,61.7,137,42.8,1,53882.0,6735.25
INV001130,7,76.8,131,33.1,1,139695.0,19956.43
INV001137,7,57.0,120,46.2,1,35691.0,5098.71
INV001140,6,60.4,125,59.1,1,39628.0,6604.67
INV001141,6,97.6,132,27.8,1,34460.0,5743.33
INV001142,7,42.8,106,46.0,1,60116.0,8588.0
INV001156,6,102.4,175,68.6,1,51977.0,8662.83
INV001160,8,57.6,99,26.3,1,45043.0,5630.38
INV001161,6,80.6,159,52.5,1,146262.0,24377.0
INV001163,7,67.3,255,96.8,1,33877.0,4839.57
INV001167,6,96.2,207,90.7,1,78024.0,13004.0
INV001170,6,68.2,119,53.6,1,70673.0,11778.83
INV001173,6,67.0,146,57.6,1,58382.0,9730.33
INV001178,7,79.7,140,35.1,1,37864.0,5409.14
INV001180,6,74.4,198,72.8,1,104216.0,17369.33
INV001181,8,67.4,163,51.9,1,91218.0,11402.25
INV001190,6,97.0,198,64.7,1,45744.0,7624.0
INV001195,8,53.4,167,74.0,1,127687.0,15960.88
INV001196,6,92.2,169,58.2,1,61840.0,10306.67
INV001202,8,58.0,103,24.4,1,54919.0,6864.88
INV001206,6,83.6,190,75.4,1,76395.0,12732.5
INV001208,7,51.8,107,39.2,1,68466.0,9780.86
INV001210,9,36.9,93,33.4,1,84090.0,9343.33
INV001217,8,60.1,205,72.8,1,99061.0,12382.62
INV001219,8,50.9,118,46.2,1,90473.0,11309.12
INV001220,7,77.2,104,29.2,1,18410.0,2630.0
INV001223,7,70.8,175,56.1,1,81600.0,11657.14
INV001234,8,60.6,119,35.6,1,91103.0,11387.88
INV001235,9,59.0,161,56.4,1,125966.0,13996.22
INV001237,6,98.0,182,66.5,1,66778.0,11129.67
INV001238,7,68.5,220,83.3,1,45560.0,6508.57
INV001242,6,69.8,128,46.5,1,26658.0,4443.0
INV001251,6,82.0,223,83.5,1,142919.0,23819.83
INV001262,7,44.8,116,45.8,1,135943.0,19420.43
INV001274,7,73.3,161,60.5,1,56609.0,8087.0
INV001275,7,66.7,140,58.5,1,51676.0,7382.29
INV001282,6,67.0,196,73.3,1,50374.0,8395.67
INV001287,6,92.2,157,59.5,1,74519.0,12419.83
INV001288,7,45.7,148,54.2,1,127240.0,18177.14
INV001291,6,76.2,181,67.2,1,118076.0,19679.33
INV001295,9,50.8,165,50.3,1,66843.0,7427.0
INV001298,7,71.8,158,59.8,1,13160.0,1880.0
INV001299,9,51.2,121,35.6,1,67906.0,7545.11
INV001304,6,97.6,177,58.8,1,127605.0,21267.5
INV001308,9,54.6,147,43.0,1,145248.0,16138.67
INV001310,6,81.2,232,86.0,1,48861.0,8143.5
INV001314,10,50.4,130,39.5,1,196028.0,19602.8
INV001315,7,51.8,124,56.4,1,62854.0,8979.14
INV001316,6,92.4,198,92.5,1,14835.0,2472.5
INV001317,6,84.8,162,68.3,1,29592.0,4932.0
INV001318,10,46.2,150,53.7,1,112663.0,11266.3
INV001326,8,69.4,182,65.9,1,103082.0,12885.25
INV001329,6,68.2,97,26.2,1,60331.0,10055.17
INV001331,6,94.2,202,63.2,1,31343.0,5223.83
INV001332,7,80.0,179,72.8,1,56992.0,8141.71
INV001333,7,78.7,185,71.1,1,11779.0,1682.71
INV001336,8,65.9,198,70.4,1,94852.0,11856.5
INV001348,7,47.8,121,37.8,1,91022.0,13003.14
INV001351,7,70.5,208,75.0,1,146308.0,20901.14
INV001355,6,60.2,187,78.1,1,41992.0,6998.67
INV001356,6,79.2,191,72.6,1,39847.0,6641.17
INV001359,7,72.5,313,118.6,1,109856.0,15693.71
INV001361,7,50.5,103,39.2,1,99669.0,14238.43
INV001367,6,99.0,222,83.1,1,71798.0,11966.33
INV001375,7,78.5,176,59.8,1,46716.0,6673.71
INV001376,7,78.7,181,76.9,1,66059.0,9437.0
INV001383,8,56.1,117,32.7,1,80080.0,10010.0
INV001387,9,57.2,130,43.3,1,111470.0,12385.56
INV001394,8,63.6,171,64.9,1,127115.0,15889.38
INV001400,6,76.8,266,107.7,1,111893.0,18648.83
INV001401,6,68.6,197,73.9,1,39421.0,6570.17
INV001406,10,47.7,202,62.9,1,71494.0,7149.4
INV001407,6,45.2,141,53.9,1,49474.0,8245.67
INV001415,8,68.1,173,55.5,1,48063.0,6007.88
INV001418,6,88.6,187,72.0,1,27688.0,4614.67
INV001419,6,85.8,137,40.1,1,67428.0,11238.0
INV001423,8,48.6,105,43.3,1,64384.0,8048.0
INV001428,6,79.4,174,56.6,1,72032.0,12005.33
INV001432,6,71.4,175,70.7,1,22656.0,3776.0
INV001434,6,80.6,178,71.3,1,73116.0,12186.0
INV001442,9,57.1,238,76.8,1,67217.0,7468.56
INV001454,7,73.0,176,75.9,1,37667.0,5381.0
INV001455,8,64.7,153,52.7,1,47113.0,5889.12
INV001457,6,43.8,63,15.5,1,85947.0,14324.5
INV001458,7,59.8,101,34.7,1,78518.0,11216.86
INV001466,6,44.6,82,33.8,1,102555.0,17092.5
INV001472,6,79.0,141,60.5,1,119937.0,19989.5
INV001482,6,80.6,280,113.3,1,84250.0,14041.67
INV001485,9,55.0,150,45.9,1,113230.0,12581.11
INV001491,6,98.8,260,97.3,1,37904.0,6317.33
INV001497,9,63.0,138,51.3,1,77902.0,8655.78
INV001504,9,54.2,134,42.3,1,131804.0,14644.89
INV001507,6,86.2,167,49.5,1,24004.0,4000.67
INV001510,7,66.8,124,46.5,1,113185.0,16169.29
INV001514,7,51.8,72,10.1,1,150056.0,21436.57
INV001516,6,56.8,85,35.0,1,106727.0,17787.83
INV001526,6,50.4,134,53.3,1,45632.0,7605.33
INV001530,7,64.7,122,36.6,1,18100.0,2585.71
INV001532,7,56.8,101,36.2,1,82757.0,11822.43
INV001536,7,69.0,189,75.2,1,108107.0,15443.86
INV001545,6,92.8,208,83.7,1,85986.0,14331.0
INV001547,7,72.2,119,40.6,1,75405.0,10772.14
INV001548,6,80.6,197,72.5,1,71244.0,11874.0
INV001550,7,79.0,191,67.8,1,85924.0,12274.86
INV001551,6,61.8,131,40.5,1,18205.0,3034.17
INV001562,10,44.2,146,42.9,1,66556.0,6655.6
INV001564,8,55.7,157,50.4,1,74288.0,9286.0
INV001569,6,83.4,314,131.5,1,84525.0,14087.5
INV001579,7,75.0,193,67.2,1,133855.0,19122.14
INV001580,7,45.7,119,38.5,1,85427.0,12203.86
INV001585,6,56.6,182,74.0,1,61091.0,10181.83
INV001587,7,65.0,144,53.8,1,72452.0,10350.29
INV001597,7,56.0,165,58.5,1,99091.0,14155.86
INV001599,6,58.2,133,48.3,1,52681.0,8780.17
INV001602,6,93.8,294,112.5,1,66310.0,11051.67
INV001603,7,54.5,93,22.8,1,64051.0,9150.14
INV001605,8,60.6,136,53.4,1,161888.0,20236.0
INV001606,7,67.7,148,57.5,1,95656.0,13665.14
INV001616,9,53.0,117,42.2,1,153361.0,17040.11
INV001623,6,92.0,188,66.9,1,62993.0,10498.83
INV001625,6,72.0,209,77.2,1,15000.0,2500.0
INV001628,8,51.7,139,52.3,1,111394.0,13924.25
INV001629,7,67.5,82,12.8,1,34149.0,4878.43
INV001631,6,57.0,101,27.1,1,9317.0,1552.83
INV001636,9,48.9,159,51.4,1,35935.0,3992.78
INV001641,6,88.4,168,55.1,1,77129.0,12854.83
INV001644,6,65.6,89,26.6,1,123765.0,20627.5
INV001645,6,67.6,202,78.4,1,48283.0,8047.17
INV001649,10,51.7,120,43.8,1,113458.0,11345.8
INV001651,7,78.7,130,52.3,1,162293.0,23184.71
INV001653,6,55.2,94,49.5,1,76639.0,12773.17
INV001654,7,56.0,137,46.7,1,108816.0,15545.14
INV001656,8,59.9,246,82.9,1,78037.0,9754.62
INV001662,6,60.2,147,71.8,1,67445.0,11240.83
INV001672,9,34.0,130,44.2,1,90532.0,10059.11
INV001673,11,49.3,181,54.9,1,81749.0,7431.73
INV001680,9,58.9,200,74.3,1,47015.0,5223.89
INV001683,7,72.5,186,60.1,1,80088.0,11441.14
INV001689,6,83.6,153,53.3,1,59823.0,9970.5
INV001690,7,81.2,114,33.2,1,62532.0,8933.14
INV001691,6,82.0,254,98.7,1,40648.0,6774.67
INV001694,8,66.1,144,52.2,1,146945.0,18368.12
INV001697,9,62.5,287,91.6,1,118132.0,13125.78
INV001699,6,83.2,183,81.2,1,103956.0,17326.0
INV001709,6,51.8,84,29.4,1,50259.0,8376.5
INV001711,7,65.8,189,73.4,1,26390.0,3770.0
INV001712,6,66.6,144,56.9,1,66274.0,11045.67
INV001715,8,68.3,188,64.5,1,103613.0,12951.62
INV001718,6,84.0,237,94.6,1,151909.0,25318.17
INV001724,7,69.7,134,39.5,1,87580.0,12511.43
INV001728,8,50.6,131,39.3,1,142998.0,17874.75
INV001737,7,56.8,191,69.9,1,103141.0,14734.43
INV001738,9,47.5,153,46.0,1,157288.0,17476.44
INV001739,9,52.5,96,26.3,1,113721.0,12635.67
INV001741,6,89.4,260,102.6,1,94729.0,15788.17
INV001744,7,78.5,155,46.1,1,84479.0,12068.43
INV001752,7,69.3,170,61.7,1,50982.0,7283.14
INV001753,11,42.8,128,38.1,1,111704.0,10154.91
INV001757,8,55.6,121,41.6,1,16121.0,2015.12
INV001759,10,49.6,126,41.6,1,108215.0,10821.5
INV001769,6,98.0,166,66.0,1,28957.0,4826.17
INV001772,6,95.0,184,72.3,1,113146.0,18857.67
INV001775,8,29.1,65,21.0,1,92864.0,11608.0
INV001777,9,57.6,156,56.7,1,115340.0,12815.56
INV001778,8,63.6,283,97.1,1,54721.0,6840.12
INV001797,7,79.7,132,45.3,1,45355.0,6479.29
INV001800,7,49.7,132,46.2,1,100392.0,14341.71
INV001802,7,61.7,151,45.0,1,99376.0,14196.57
INV001803,6,59.0,127,53.5,1,29638.0,4939.67
INV001804,8,55.9,126,47.3,1,97734.0,12216.75
INV001806,8,60.0,209,76.1,1,98260.0,12282.5
INV001809,6,95.6,249,91.7,1,66937.0,11156.17
INV001811,9,54.2,196,70.9,1,234390.0,26043.33
INV001822,6,19.8,43,15.3,1,43103.0,7183.83
INV001823,8,58.1,172,57.9,1,30886.0,3860.75
INV001826,6,51.2,128,43.6,1,43001.0,7166.83
INV001828,8,44.4,91,30.0,1,57282.0,7160.25
INV001831,6,72.8,181,68.7,1,47766.0,7961.0
INV001837,7,62.8,157,64.7,1,75034.0,10719.14
INV001841,6,56.2,129,59.4,1,48729.0,8121.5
INV001853,8,47.4,95,33.2,1,158089.0,19761.12
INV001858,8,55.1,261,91.1,1,111198.0,13899.75
INV001865,7,63.5,145,45.8,1,37490.0,5355.71
INV001866,6,58.8,117,45.1,1,52342.0,8723.67
INV001870,7,76.0,164,62.4,1,151119.0,21588.43
INV001871,7,55.0,101,39.6,1,104709.0,14958.43
INV001883,6,99.2,203,82.4,1,16745.0,2790.83
INV001885,6,71.2,128,53.2,1,16314.0,2719.0
INV001886,9,50.8,129,54.9,1,73898.0,8210.89
INV001890,6,102.6,207,75.3,1,7890.0,1315.0
INV001891,6,96.4,261,119.0,1,22169.0,3694.83
INV001909,8,62.1,121,47.2,1,77716.0,9714.5
INV001912,6,86.4,256,99.8,1,72585.0,12097.5
INV001920,7,39.0,76,19.9,1,111406.0,15915.14
INV001921,8,68.6,225,75.7,1,94294.0,11786.75
INV001923,7,80.7,106,30.2,1,42011.0,6001.57
INV001924,7,59.2,119,35.8,1,95896.0,13699.43
INV001927,6,58.8,91,19.5,1,42729.0,7121.5
INV001929,6,66.2,242,100.1,1,67484.0,11247.33
INV001937,8,60.4,253,85.9,1,52043.0,6505.38
INV001938,9,43.0,112,39.3,1,46935.0,5215.0
INV001943,6,74.4,171,69.0,1,63792.0,10632.0
INV001950,7,60.2,134,45.6,1,88383.0,12626.14
INV001951,7,58.8,124,43.5,1,39840.0,5691.43
INV001954,6,86.8,273,109.1,1,38164.0,6360.67
INV001955,6,76.0,199,70.5,1,80106.0,13351.0
INV001961,6,83.4,234,88.2,1,87250.0,14541.67
INV001969,6,79.2,163,66.9,1,22578.0,3763.0
INV001971,8,54.7,87,32.4,1,96207.0,12025.88
INV001972,8,42.4,153,52.7,1,147921.0,18490.12
INV001978,6,83.2,112,31.0,1,33387.0,5564.5
INV001979,6,55.4,100,34.0,1,78262.0,13043.67
INV001982,6,85.8,289,113.8,1,118849.0,19808.17
INV001986,7,47.7,98,33.8,1,93572.0,13367.43
INV001987,7,67.0,241,89.9,1,101651.0,14521.57
INV001990,8,45.3,91,32.3,1,60133.0,7516.62
INV001993,6,56.6,147,64.2,1,42253.0,7042.17
INV001995,6,48.6,94,32.2,1,76418.0,12736.33
INV001997,6,88.6,168,59.3,1,23078.0,3846.33
INV002001,6,84.8,335,142.1,1,35997.0,5999.5
INV002006,6,73.6,157,63.6,1,56278.0,9379.67
INV002010,6,74.6,103,23.7,1,111364.0,18560.67
INV002017,7,44.7,99,41.5,1,48099.0,6871.29
INV002018,6,63.6,106,40.0,1,22792.0,3798.67
INV002019,6,68.8,117,38.3,1,50866.0,8477.67
INV002025,7,55.8,92,35.6,1,52531.0,7504.43
INV002033,7,55.0,123,49.4,1,43182.0,6168.86
INV002034,8,69.0,166,64.1,1,75286.0,9410.75
INV002037,6,33.2,61,23.6,1,58317.0,9719.5
INV002038,6,84.0,202,91.7,1,89042.0,14840.33
INV002051,6,78.6,159,65.0,1,101112.0,16852.0
INV002052,7,44.2,114,37.4,1,143832.0,20547.43
INV002069,10,47.6,95,35.8,1,82746.0,8274.6
INV002070,7,81.3,118,32.6,1,70993.0,10141.86
INV002083,10,51.7,193,59.0,1,142753.0,14275.3
INV002085,6,65.0,220,87.3,1,89035.0,14839.17
INV002090,6,90.2,231,101.8,1,38375.0,6395.83
INV002092,7,33.5,54,15.5,1,63358.0,9051.14
INV002101,6,80.2,248,101.3,1,71140.0,11856.67
INV002102,6,44.8,63,11.8,1,90782.0,15130.33
INV002107,8,71.1,298,104.1,1,100667.0,12583.38
INV002111,8,62.4,123,40.5,1,84899.0,10612.38
INV002119,6,78.0,195,67.8,1,82710.0,13785.0
INV002121,7,68.5,197,69.0,1,69342.0,9906.0
INV002122,7,40.3,97,29.3,1,66891.0,9555.86
INV002127,6,60.2,113,39.3,1,66425.0,11070.83
INV002134,7,82.7,180,52.1,1,29028.0,4146.86
INV002138,6,91.8,189,84.5,1,20298.0,3383.0
INV002142,9,45.5,162,55.6,1,118669.0,13185.44
INV002143,8,63.6,148,50.9,1,73958.0,9244.75
INV002149,8,42.3,215,77.2,1,71024.0,8878.0
INV002150,6,73.6,216,81.1,1,57183.0,9530.5
INV002151,9,60.4,201,63.2,1,185290.0,20587.78
INV002153,7,67.8,194,80.7,1,28131.0,4018.71
INV002154,6,89.4,175,59.5,1,42587.0,7097.83
INV002155,6,78.0,190,82.1,1,24270.0,4045.0
INV002157,7,58.5,142,49.6,1,66010.0,9430.0
INV002159,6,65.0,104,35.5,1,57957.0,9659.5
INV002162,9,58.4,198,61.2,1,176674.0,19630.44
INV002166,6,99.2,248,89.7,1,88421.0,14736.83
INV002171,7,55.8,150,60.7,1,55736.0,7962.29
INV002177,7,73.0,330,126.7,1,93321.0,13331.57
INV002178,8,66.4,236,84.3,1,66309.0,8288.62
INV002179,8,54.1,171,61.9,1,77276.0,9659.5
INV002182,7,70.5,148,48.6,1,127872.0,18267.43
INV002185,6,48.4,92,41.2,1,87101.0,14516.83
INV002186,7,74.8,167,56.1,1,110455.0,15779.29
INV002187,7,67.8,221,82.5,1,51698.0,7385.43
INV002195,9,49.2,154,50.7,1,141661.0,15740.11
INV002196,8,62.1,115,40.9,1,123014.0,15376.75
INV002198,9,43.0,93,30.9,1,50035.0,5559.44
INV002199,7,50.8,94,34.0,1,22813.0,3259.0
INV002202,8,70.4,276,103.3,1,16013.0,2001.62
INV002206,7,49.0,141,48.1,1,119856.0,17122.29
INV002208,7,71.3,142,49.5,1,113907.0,16272.43
INV002211,7,63.8,109,44.5,1,75896.0,10842.29
INV002216,8,61.7,172,56.1,1,122472.0,15309.0
INV002218,6,67.8,181,68.8,1,78519.0,13086.5
INV002219,8,70.9,166,60.2,1,41599.0,5199.88
INV002228,6,68.6,109,34.8,1,75215.0,12535.83
INV002229,6,64.6,101,26.3,1,113731.0,18955.17
INV002230,8,57.6,171,57.5,1,170960.0,21370.0
INV002232,7,69.2,174,69.5,1,105171.0,15024.43
INV002236,7,73.7,119,44.7,1,38246.0,5463.71
INV002237,7,51.7,142,60.4,1,61264.0,8752.0
INV002240,7,77.8,266,99.7,1,28229.0,4032.71
INV002241,7,65.7,124,46.1,1,40838.0,5834.0
INV002251,6,62.6,157,62.3,1,140754.0,23459.0
INV002256,6,75.6,115,38.8,1,86659.0,14443.17
INV002259,7,45.3,89,36.3,1,139276.0,19896.57
INV002260,6,77.8,235,101.2,1,43224.0,7204.0
INV002265,7,63.2,244,89.3,1,74670.0,10667.14
INV002277,7,67.3,127,49.1,1,58558.0,8365.43
INV002280,7,71.7,182,60.6,1,48070.0,6867.14
INV002282,6,53.2,102,36.3,1,90468.0,15078.0
INV002284,6,85.0,277,110.1,1,113616.0,18936.0
INV002290,6,61.6,112,46.7,1,49049.0,8174.83
INV002294,8,48.7,163,54.9,1,93669.0,11708.62
INV002295,7,64.5,159,51.6,1,97348.0,13906.86
INV002298,6,23.2,37,14.1,1,79273.0,13212.17
INV002304,10,42.6,104,27.8,1,88837.0,8883.7
INV002315,7,71.8,174,76.2,1,71574.0,10224.86
INV002319,7,60.0,123,45.6,1,77278.0,11039.71
INV002322,6,63.4,102,40.6,1,54669.0,9111.5
INV002327,6,76.4,215,81.0,1,17936.0,2989.33
INV002329,7,57.0,183,66.2,1,94661.0,13523.0
INV002342,6,74.2,212,78.0,1,43134.0,7189.0
INV002343,9,57.8,115,39.7,1,97388.0,10820.89
INV002347,9,40.5,79,26.0,1,30517.0,3390.78
INV002348,6,94.4,166,59.8,1,43335.0,7222.5
INV002349,6,52.2,75,25.8,1,31786.0,5297.67
INV002351,6,77.2,204,71.5,1,66039.0,11006.5
INV002357,7,68.3,240,87.1,1,77648.0,11092.57
INV002360,9,56.1,129,46.3,1,147868.0,16429.78
INV002361,6,55.4,198,81.8,1,123135.0,20522.5
INV002367,7,52.5,134,59.8,1,52309.0,7472.71
INV002368,7,61.2,215,78.0,1,36706.0,5243.71
INV002369,6,60.0,136,50.7,1,142348.0,23724.67
INV002370,7,70.2,237,83.4,1,89876.0,12839.43
INV002372,6,95.2,133,31.1,1,55170.0,9195.0
INV002373,8,70.1,154,57.9,1,177377.0,22172.12
INV002374,6,21.2,34,12.4,0,87120.0,14520.0
INV002384,10,39.1,92,31.6,1,107297.0,10729.7
INV002388,6,33.2,84,29.7,1,109517.0,18252.83
INV002389,10,50.8,126,47.9,1,37401.0,3740.1
INV002390,6,47.0,100,30.2,1,90741.0,15123.5
INV002391,6,40.2,124,49.7,1,59250.0,9875.0
INV002395,6,97.0,225,84.4,1,58610.0,9768.33
INV002400,9,55.4,141,44.4,1,37008.0,4112.0
INV002401,8,59.1,125,40.8,1,30941.0,3867.62
INV002402,7,47.2,89,32.4,1,91623.0,13089.0
INV002407,7,47.8,167,60.0,1,68991.0,9855.86
INV002409,8,55.6,125,44.5,1,88823.0,11102.88
INV002413,8,53.0,189,64.3,1,63974.0,7996.75
INV002415,8,57.4,110,43.1,1,96841.0,12105.12
INV002417,7,83.3,190,84.1,1,126729.0,18104.14
INV002418,6,91.6,128,49.3,1,34952.0,5825.33
INV002420,6,72.8,107,33.2,1,54588.0,9098.0
INV002422,10,50.3,139,46.0,1,78015.0,7801.5
INV002429,6,78.6,216,90.0,1,95082.0,15847.0
INV002434,6,88.2,217,82.5,1,38421.0,6403.5
INV002437,7,49.2,212,80.9,1,180355.0,25765.0
INV002445,8,38.1,117,37.8,1,93265.0,11658.12
INV002453,7,63.0,87,14.9,1,76815.0,10973.57
INV002458,6,72.4,232,94.0,1,80628.0,13438.0
INV002459,8,53.7,161,53.3,1,40242.0,5030.25
INV002463,6,95.4,236,101.1,1,43792.0,7298.67
INV002464,6,35.4,97,36.0,1,50372.0,8395.33
INV002466,7,80.7,270,96.8,1,96619.0,13802.71
INV002467,8,38.9,116,38.6,1,200058.0,25007.25
INV002471,6,56.4,98,42.0,1,65355.0,10892.5
INV002475,10,49.7,119,37.0,1,65140.0,6514.0
INV002476,6,86.0,235,87.8,1,74851.0,12475.17
INV002485,6,70.4,136,47.3,1,58588.0,9764.67
INV002490,8,70.0,125,39.3,1,221876.0,27734.5
INV002495,6,82.2,174,76.6,1,64609.0,10768.17
INV002496,6,53.0,156,59.3,1,28341.0,4723.5
INV002497,8,67.3,152,48.1,1,105613.0,13201.62
INV002508,9,51.6,171,60.3,1,128547.0,14283.0
INV002509,10,33.7,74,23.8,1,117779.0,11777.9
INV002510,7,64.3,176,70.5,1,83001.0,11857.29
INV002521,6,74.6,206,84.4,1,46638.0,7773.0
INV002527,7,49.7,93,33.8,1,9444.0,1349.14
INV002530,8,71.4,175,61.9,1,74111.0,9263.88
INV002531,7,76.3,182,61.9,1,30854.0,4407.71
INV002543,7,74.7,116,33.7,1,90368.0,12909.71
INV002547,6,89.0,181,60.9,1,19927.0,3321.17
INV002552,10,48.2,184,54.9,1,117496.0,11749.6
INV002554,7,49.7,100,39.8,1,51011.0,7287.29
INV002555,7,72.0,172,60.5,1,87655.0,12522.14
INV002557,7,67.2,264,100.5,1,32589.0,4655.57
INV002558,6,97.6,297,114.6,1,52002.0,8667.0
INV002560,6,95.2,155,58.4,1,25934.0,4322.33
INV002563,6,65.8,114,37.2,1,18179.0,3029.83
INV002567,6,82.0,127,41.3,1,51780.0,8630.0
INV002568,8,61.6,144,47.4,1,138384.0,17298.0
INV002570,7,62.0,150,49.9,1,26296.0,3756.57
INV002572,8,55.7,108,39.2,1,126760.0,15845.0
INV002574,6,79.4,139,60.1,1,98204.0,16367.33
INV002575,9,56.1,128,46.3,1,155419.0,17268.78
INV002579,6,40.8,71,27.8,1,136656.0,22776.0
INV002582,6,77.4,173,55.2,1,18333.0,3055.5
INV002585,6,65.0,124,35.8,1,46894.0,7815.67
INV002586,6,87.2,168,66.5,1,73304.0,12217.33
INV002590,10,50.2,125,36.7,1,151056.0,15105.6
INV002591,6,52.2,139,48.8,1,29695.0,4949.17
INV002594,6,94.0,244,105.6,1,98891.0,16481.83
INV002598,9,51.4,179,56.6,1,121198.0,13466.44
INV002602,8,66.0,151,46.5,1,95414.0,11926.75
INV002606,6,89.6,248,98.0,1,73666.0,12277.67
INV002613,8,65.0,143,46.6,1,23849.0,2981.12
INV002622,7,76.7,244,84.0,1,64167.0,9166.71
INV002627,6,85.0,182,82.7,1,40609.0,6768.17
INV002628,6,77.0,322,137.3,1,42616.0,7102.67
INV002632,8,65.6,180,68.6,1,70430.0,8803.75
INV002640,7,70.0,153,53.0,1,66928.0,9561.14
INV002643,6,74.2,229,87.8,1,32343.0,5390.5
INV002645,7,45.2,133,46.9,1,89681.0,12811.57
INV002654,8,61.9,115,45.0,1,97131.0,12141.38
INV002659,7,62.3,224,82.8,1,96575.0,13796.43
INV002666,7,53.2,100,39.4,1,50807.0,7258.14
INV002671,7,77.2,163,59.1,1,121426.0,17346.57
INV002673,8,65.0,147,49.5,1,205287.0,25660.88
INV002674,6,75.8,153,55.1,1,109896.0,18316.0
INV002675,8,63.9,138,42.0,1,104247.0,13030.88
INV002681,7,83.7,161,65.8,1,77813.0,11116.14
INV002684,6,80.6,266,113.7,1,81047.0,13507.83
INV002688,9,37.0,122,38.1,1,127567.0,14174.11
INV002689,8,50.0,115,40.5,1,78790.0,9848.75
INV002693,7,45.8,72,16.7,1,166843.0,23834.71
INV002697,7,55.3,199,73.2,1,61207.0,8743.86
INV002700,7,79.8,140,40.6,1,40488.0,5784.0
INV002704,8,59.1,139,50.0,1,75458.0,9432.25
INV002705,8,22.6,70,21.0,1,53493.0,6686.62
INV002706,6,73.6,133,47.3,1,69684.0,11614.0
INV002711,8,65.6,230,75.5,1,73628.0,9203.5
INV002712,11,46.8,174,51.6,1,102129.0,9284.45
INV002722,6,61.4,178,76.4,1,36876.0,6146.0
INV002723,9,37.8,102,34.6,1,44585.0,4953.89
INV002724,6,76.6,187,73.3,1,94701.0,15783.5
INV002726,8,45.6,84,31.1,1,41222.0,5152.75
INV002732,8,70.7,151,51.8,1,96854.0,12106.75
INV002733,8,51.6,150,67.8,1,56424.0,7053.0
INV002735,7,68.2,136,39.9,1,88635.0,12662.14
INV002736,6,70.6,323,141.2,1,64757.0,10792.83
INV002737,8,58.4,104,35.7,1,102279.0,12784.88
INV002743,6,88.2,190,72.2,1,40865.0,6810.83
INV002744,10,52.9,139,42.4,1,64967.0,6496.7
INV002746,8,68.0,206,74.0,1,48769.0,6096.12
INV002750,6,72.4,254,105.1,1,54778.0,9129.67
INV002751,7,41.5,102,36.0,1,95314.0,13616.29
INV002758,6,81.0,263,104.3,1,100322.0,16720.33
INV002761,6,80.6,312,131.0,1,61101.0,10183.5
INV002766,6,70.6,151,71.3,1,73612.0,12268.67
INV002767,7,55.3,145,53.1,1,54936.0,7848.0
INV002769,7,82.0,141,40.3,1,149870.0,21410.0
INV002772,7,74.5,168,62.2,1,59984.0,8569.14
INV002779,6,64.2,151,55.8,1,120653.0,20108.83
INV002783,7,64.0,126,41.1,1,63570.0,9081.43
INV002786,7,76.3,124,47.7,1,94391.0,13484.43
INV002793,7,59.3,125,48.4,1,73091.0,10441.57
INV002794,7,56.2,111,37.1,1,62084.0,8869.14
INV002799,6,70.8,129,47.7,1,77732.0,12955.33
INV002800,7,63.5,108,33.6,1,92767.0,13252.43
INV002803,7,64.8,176,60.2,1,32936.0,4705.14
INV002804,8,59.9,209,71.0,1,50641.0,6330.12
INV002808,7,59.7,120,47.7,1,114782.0,16397.43
INV002809,6,81.4,276,114.1,1,27992.0,4665.33
INV002810,8,32.3,139,47.3,1,198382.0,24797.75
INV002813,7,49.0,149,50.2,1,58938.0,8419.71
INV002822,7,53.0,108,36.8,1,79723.0,11389.0
INV002824,7,71.8,223,77.5,1,129424.0,18489.14
INV002826,6,61.6,91,31.9,1,16841.0,2806.83
INV002827,6,73.6,200,73.2,1,31630.0,5271.67
INV002828,6,80.0,211,77.6,1,24496.0,4082.67
INV002831,6,40.2,72,26.6,1,41114.0,6852.33
INV002835,7,82.3,233,88.1,1,66597.0,9513.86
INV002838,8,56.7,116,43.6,1,85390.0,10673.75
INV002841,6,43.4,102,43.2,1,66169.0,11028.17
INV002843,8,43.1,128,41.9,1,39772.0,4971.5
INV002847,10,52.7,129,44.9,1,54971.0,5497.1
INV002850,7,53.2,166,58.8,1,60216.0,8602.29
INV002852,6,75.8,207,81.4,1,72731.0,12121.83
INV002859,7,76.5,198,71.4,1,102010.0,14572.86
INV002863,6,74.4,199,71.3,1,64141.0,10690.17
INV002865,6,37.2,50,11.6,1,101007.0,16834.5
INV002870,6,48.2,109,45.0,1,46965.0,7827.5
INV002872,6,85.6,199,75.8,1,46749.0,7791.5
INV002873,6,98.2,235,86.3,1,103488.0,17248.0
INV002879,7,72.2,125,47.6,1,67219.0,9602.71
INV002881,6,43.6,110,40.1,1,73870.0,12311.67
INV002883,6,96.0,176,62.9,1,127978.0,21329.67
INV002886,7,44.3,137,49.9,1,111958.0,15994.0
INV002891,8,72.7,166,55.7,1,91856.0,11482.0
INV002893,9,50.0,148,57.9,1,67163.0,7462.56
INV002900,6,64.2,136,52.6,1,74395.0,12399.17
INV002903,6,89.6,176,49.9,1,34145.0,5690.83
INV002904,7,49.3,104,41.9,1,21362.0,3051.71
INV002905,6,73.0,221,84.3,1,41724.0,6954.0
INV002906,6,41.2,74,22.7,1,88578.0,14763.0
INV002909,7,82.3,263,93.2,1,78147.0,11163.86
INV002912,6,97.0,342,137.7,1,82487.0,13747.83
INV002913,7,73.7,168,60.5,1,83828.0,11975.43
INV002915,8,49.3,117,49.8,1,115638.0,14454.75
INV002921,7,53.3,121,46.9,1,150805.0,21543.57
INV002927,8,40.3,79,28.0,1,84741.0,10592.62
INV002935,7,48.0,72,23.8,1,50280.0,7182.86
INV002937,7,67.2,184,69.6,1,137371.0,19624.43
INV002939,7,60.5,127,47.8,1,52116.0,7445.14
INV002942,9,55.5,180,59.0,1,85118.0,9457.56
INV002945,8,65.0,139,37.2,1,119666.0,14958.25
INV002947,7,64.2,152,60.0,1,35512.0,5073.14
INV002950,8,45.9,119,36.5,1,52718.0,6589.75
INV002951,7,51.8,82,28.6,1,41135.0,5876.43
INV002961,7,84.7,231,90.4,1,116671.0,16667.29
INV002974,7,51.3,105,31.9,1,91467.0,13066.71
INV002984,6,91.0,200,69.1,1,49158.0,8193.0
INV002989,6,86.6,182,73.1,1,97001.0,16166.83
INV002994,7,58.2,142,54.1,1,109553.0,15650.43
INV003000,7,67.0,137,51.2,1,54577.0,7796.71
INV003003,9,58.2,100,29.1,1,43344.0,4816.0
INV003005,8,53.1,107,43.0,1,92598.0,11574.75
INV003007,9,48.2,162,52.0,1,50688.0,5632.0
INV003009,9,38.1,84,29.8,1,44642.0,4960.22
INV003011,7,64.2,154,53.7,1,49243.0,7034.71
INV003014,6,82.4,144,63.6,1,203009.0,33834.83
INV003015,7,54.7,91,34.6,1,114153.0,16307.57
INV003018,6,49.2,156,61.6,1,48461.0,8076.83
INV003022,6,69.6,123,42.5,1,108990.0,18165.0
INV003024,6,44.2,122,44.5,1,49549.0,8258.17
INV003025,8,35.3,65,20.2,1,71546.0,8943.25
INV003028,6,91.4,183,72.5,1,77674.0,12945.67
INV003034,6,73.4,118,41.2,1,92731.0,15455.17
INV003036,8,57.7,138,56.9,1,134774.0,16846.75
INV003037,7,79.5,300,109.5,1,42399.0,6057.0
INV003040,6,74.0,194,72.9,1,51162.0,8527.0
INV003043,7,73.8,131,45.7,1,78142.0,11163.14
INV003044,7,71.2,237,87.4,1,60913.0,8701.86
INV003045,6,36.2,71,25.9,1,32392.0,5398.67
INV003047,8,70.1,215,66.6,1,137083.0,17135.38
INV003054,7,78.7,209,98.4,1,76249.0,10892.71
INV003060,7,79.0,135,42.0,1,69534.0,9933.43
INV003063,7,57.8,112,35.8,1,27315.0,3902.14
INV003070,9,54.5,132,45.9,1,116790.0,12976.67
INV003074,6,74.8,123,45.0,1,78967.0,13161.17
INV003075,8,57.4,128,38.1,1,169132.0,21141.5
INV003078,7,69.2,126,47.5,1,55176.0,7882.29
INV003082,8,46.4,142,47.7,1,40228.0,5028.5
INV003083,6,66.4,169,59.8,1,38189.0,6364.83
INV003089,6,65.0,107,38.1,1,72760.0,12126.67
INV003091,9,50.9,199,65.4,1,35993.0,3999.22
INV003095,6,86.6,175,65.3,1,64248.0,10708.0
INV003097,8,62.7,121,33.1,1,151274.0,18909.25
INV003105,7,65.5,140,58.7,1,121433.0,17347.57
INV003112,6,91.6,173,56.1,1,68105.0,11350.83
INV003113,8,66.9,159,54.6,1,115572.0,14446.5
INV003115,6,48.0,125,47.2,1,103814.0,17302.33
INV003117,8,66.6,115,30.5,1,74326.0,9290.75
INV003134,7,76.8,172,57.2,1,111805.0,15972.14
INV003139,7,55.2,133,50.4,1,79357.0,11336.71
INV003140,8,57.0,125,57.9,1,47273.0,5909.12
INV003141,7,67.5,225,80.2,1,87927.0,12561.0
INV003144,7,82.5,243,88.5,1,54671.0,7810.14
INV003146,9,59.5,283,92.1,1,116340.0,12926.67
INV003151,6,81.0,146,54.0,1,38290.0,6381.67
INV003153,7,40.7,156,57.5,1,82703.0,11814.71
INV003158,9,55.6,138,53.4,1,95466.0,10607.33
INV003161,6,77.4,118,45.3,1,45870.0,7645.0
INV003169,6,62.6,178,79.1,1,31020.0,5170.0
INV003178,6,56.4,84,25.6,1,39480.0,6580.0
INV003179,9,56.2,151,54.4,1,64309.0,7145.44
INV003185,6,65.2,116,43.4,1,78275.0,13045.83
INV003187,9,58.2,244,87.8,1,51008.0,5667.56
INV003189,9,55.1,198,61.4,1,34519.0,3835.44
INV003191,6,76.8,138,48.4,1,31967.0,5327.83
INV003193,6,96.6,294,122.0,1,65353.0,10892.17
INV003196,7,80.3,319,117.5,1,34448.0,4921.14
INV003205,7,67.7,111,24.7,1,50635.0,7233.57
INV003210,6,72.2,112,37.2,1,18851.0,3141.83
INV003211,7,69.0,104,38.2,1,73285.0,10469.29
INV003214,6,59.8,170,63.6,1,58100.0,9683.33
INV003215,7,60.8,105,29.5,1,30900.0,4414.29
INV003219,6,57.2,86,32.2,1,111640.0,18606.67
INV003221,7,61.2,99,39.1,1,188581.0,26940.14
INV003222,7,81.5,190,68.4,1,46924.0,6703.43
INV003223,8,67.7,331,117.8,1,115743.0,14467.88
INV003228,7,70.2,256,94.5,1,88333.0,12619.0
INV003230,7,67.5,251,95.5,1,59960.0,8565.71
INV003231,7,83.0,253,86.9,1,61212.0,8744.57
INV003234,6,96.6,188,68.0,1,45926.0,7654.33
INV003236,9,51.1,115,38.4,1,120464.0,13384.89
INV003242,7,61.0,159,63.6,1,60420.0,8631.43
INV003247,6,84.6,206,82.4,1,94982.0,15830.33
INV003252,6,67.6,192,72.4,1,102990.0,17165.0
INV003256,7,51.0,90,33.7,1,94745.0,13535.0
INV003257,6,61.8,139,49.4,1,145848.0,24308.0
INV003260,6,89.4,247,93.9,1,66384.0,11064.0
INV003262,6,85.2,162,58.3,1,140022.0,23337.0
INV003267,6,74.4,197,79.6,1,20825.0,3470.83
INV003271,7,61.2,157,56.9,1,38769.0,5538.43
INV003273,8,60.1,134,46.1,1,195095.0,24386.88
INV003277,8,53.7,192,68.2,1,81268.0,10158.5
INV003279,9,63.4,147,43.4,1,155774.0,17308.22
INV003289,7,64.8,183,67.7,1,105165.0,15023.57
INV003300,6,64.8,219,88.4,1,92258.0,15376.33
INV003301,9,59.4,113,33.3,1,183141.0,20349.0
INV003304,10,44.2,180,54.9,1,135315.0,13531.5
INV003308,9,56.8,141,46.5,1,133172.0,14796.89
INV003310,6,80.8,154,54.2,1,33878.0,5646.33
INV003311,9,48.0,149,57.7,1,43171.0,4796.78
INV003314,7,73.5,210,71.2,1,179149.0,25592.71
INV003317,8,44.1,71,19.4,1,75540.0,9442.5
INV003320,8,45.3,192,69.0,1,107141.0,13392.62
INV003325,6,101.0,155,35.9,1,42846.0,7141.0
INV003329,6,89.0,230,107.8,1,113204.0,18867.33
INV003336,7,72.3,133,55.1,1,134860.0,19265.71
INV003338,9,37.5,155,50.5,1,153954.0,17106.0
INV003344,6,86.6,190,58.5,1,30966.0,5161.0
INV003350,6,92.4,191,75.8,1,27929.0,4654.83
INV003351,6,54.0,86,23.3,1,104400.0,17400.0
INV003352,8,68.1,279,95.0,1,113976.0,14247.0
INV003357,6,62.4,100,37.0,1,56022.0,9337.0
INV003360,8,59.4,163,48.6,1,66401.0,8300.12
INV003370,7,63.3,206,71.8,1,82199.0,11742.71
INV003372,6,59.4,118,40.5,1,31020.0,5170.0
INV003374,7,56.5,128,52.7,1,49043.0,7006.14
INV003375,8,52.7,158,56.7,1,135524.0,16940.5
INV003376,6,85.8,199,72.0,1,80609.0,13434.83
INV003379,7,75.2,268,98.1,1,53335.0,7619.29
INV003380,6,72.4,155,53.7,1,35744.0,5957.33
INV003382,6,34.2,85,30.7,1,70423.0,11737.17
INV003391,6,56.6,193,76.5,1,75689.0,12614.83
INV003393,8,63.7,178,54.2,1,73545.0,9193.12
INV003395,6,79.0,192,64.7,1,56160.0,9360.0
INV003398,8,55.4,140,44.6,1,47267.0,5908.38
INV003403,6,56.6,116,51.9,1,50522.0,8420.33
INV003404,8,50.3,198,69.4,1,80637.0,10079.62
INV003405,8,41.0,186,64.7,1,95007.0,11875.88
INV003406,8,59.0,251,88.0,1,104922.0,13115.25
INV003407,8,57.4,146,47.2,1,51571.0,6446.38
INV003422,7,84.7,167,56.2,1,84910.0,12130.0
INV003424,7,73.2,124,46.0,1,60522.0,8646.0
INV003427,6,84.2,266,113.4,1,117717.0,19619.5
INV003430,6,73.4,104,24.8,1,54715.0,9119.17
INV003431,6,51.4,152,58.2,1,65461.0,10910.17
INV003432,7,61.3,97,33.1,1,63809.0,9115.57
INV003435,7,73.8,140,50.0,1,94339.0,13477.0
INV003437,6,91.2,226,85.6,1,43627.0,7271.17
INV003448,7,74.5,200,70.9,1,22057.0,3151.0
INV003450,10,47.7,158,48.1,1,140759.0,14075.9
INV003455,7,35.5,76,25.8,1,79732.0,11390.29
INV003457,7,60.5,117,40.0,1,75273.0,10753.29
INV003458,8,67.9,206,68.8,1,35913.0,4489.12
INV003459,6,59.4,113,43.9,1,42636.0,7106.0
INV003473,6,95.8,213,74.7,1,40058.0,6676.33
INV003475,9,56.0,155,59.8,1,75542.0,8393.56
INV003478,9,56.6,195,62.3,1,135853.0,15094.78
INV003479,8,65.7,164,61.6,1,90730.0,11341.25
INV003480,6,82.4,211,89.6,1,37752.0,6292.0
INV003484,6,73.8,333,145.0,1,108256.0,18042.67
INV003487,6,70.6,155,56.1,1,96051.0,16008.5
INV003491,9,59.1,119,49.9,1,58181.0,6464.56
INV003492,6,90.8,162,53.9,1,39990.0,6665.0
INV003495,10,49.2,121,37.1,1,76439.0,7643.9
INV003506,7,67.0,132,42.6,1,27834.0,3976.29
INV003509,9,60.9,149,50.8,1,91824.0,10202.67
INV003511,8,65.6,183,61.9,1,71560.0,8945.0
INV003514,6,74.2,172,62.0,1,90699.0,15116.5
INV003518,6,67.8,157,56.7,1,38843.0,6473.83
INV003521,6,89.0,183,60.4,1,46547.0,7757.83
INV003524,7,64.2,203,74.8,1,74739.0,10677.0
INV003526,6,88.2,224,81.8,1,30478.0,5079.67
INV003528,9,58.6,186,58.3,1,143222.0,15913.56
INV003530,6,51.0,101,46.7,1,78084.0,13014.0
INV003531,6,76.4,185,62.6,1,71480.0,11913.33
INV003534,8,52.7,160,63.9,1,53508.0,6688.5
INV003545,6,90.0,210,93.6,1,34569.0,5761.5
INV003556,6,77.6,129,44.6,1,37784.0,6297.33
INV003557,6,66.4,156,57.4,1,49343.0,8223.83
INV003558,7,39.2,66,20.8,1,76056.0,10865.14
INV003559,10,48.3,118,38.4,1,131836.0,13183.6
INV003562,7,80.5,165,52.2,1,77371.0,11053.0
INV003564,8,71.0,292,100.5,1,196080.0,24510.0
INV003580,7,72.2,227,79.2,1,64406.0,9200.86
INV003581,8,51.3,95,28.6,1,39296.0,4912.0
INV003582,7,49.3,167,63.8,1,74240.0,10605.71
INV003586,8,54.3,113,37.9,1,138874.0,17359.25
INV003592,6,75.6,202,83.3,1,69765.0,11627.5
INV003593,6,78.2,166,62.2,1,94754.0,15792.33
INV003598,8,68.0,114,36.1,1,28496.0,3562.0
INV003599,6,50.0,100,42.7,1,94188.0,15698.0
INV003601,9,45.2,118,34.4,1,59029.0,6558.78
INV003604,6,90.2,188,81.0,1,71928.0,11988.0
INV003607,6,70.4,253,103.2,1,24597.0,4099.5
INV003611,7,68.8,228,88.6,1,97349.0,13907.0
INV003613,8,67.4,283,99.8,1,85140.0,10642.5
INV003619,6,72.0,113,40.8,1,31477.0,5246.17
INV003625,6,62.4,168,63.1,1,87326.0,14554.33
INV003627,7,59.2,152,57.9,1,16009.0,2287.0
INV003630,7,52.0,96,34.1,1,32857.0,4693.86
INV003633,6,78.8,119,34.7,1,123491.0,20581.83
INV003634,6,47.8,83,38.0,1,65193.0,10865.5
INV003635,10,47.1,95,34.9,1,111446.0,11144.6
INV003641,8,67.0,219,74.7,1,91123.0,11390.38
INV003642,7,53.2,217,80.8,1,114117.0,16302.43
INV003645,6,95.2,257,92.4,1,18205.0,3034.17
INV003649,6,96.8,195,73.9,1,86339.0,14389.83
INV003650,11,33.9,86,27.0,1,43669.0,3969.91
INV003654,7,60.5,124,37.3,1,112702.0,16100.29
INV003655,10,49.8,198,68.6,1,180197.0,18019.7
INV003658,8,70.7,143,54.9,1,44354.0,5544.25
INV003660,6,79.0,164,58.8,1,67446.0,11241.0
INV003669,7,53.5,98,26.2,1,90038.0,12862.57
INV003670,8,70.9,160,59.4,1,83061.0,10382.62
INV003672,6,77.2,180,61.9,1,129739.0,21623.17
INV003673,8,68.9,160,51.0,1,63876.0,7984.5
INV003678,6,32.8,45,13.0,1,49783.0,8297.17
INV003681,9,51.0,101,26.4,1,26004.0,2889.33
INV003683,6,92.4,165,47.5,1,85416.0,14236.0
INV003684,6,98.2,229,94.2,1,50536.0,8422.67
INV003685,6,80.2,132,58.1,1,142912.0,23818.67
INV003686,6,96.6,328,133.5,1,70889.0,11814.83
INV003693,7,71.3,234,82.3,1,102514.0,14644.86
INV003695,7,51.7,157,61.5,1,31236.0,4462.29
INV003696,6,75.8,190,88.9,1,110522.0,18420.33
INV003697,7,76.7,163,78.1,1,97774.0,13967.71
INV003702,7,72.7,118,44.6,1,99074.0,14153.43
INV003705,6,78.8,152,63.3,1,114828.0,19138.0
INV003707,6,68.6,152,47.8,1,152934.0,25489.0
INV003708,7,60.5,104,30.2,1,27823.0,3974.71
INV003709,6,80.2,181,59.6,1,52354.0,8725.67
INV003710,6,78.6,118,41.2,1,86512.0,14418.67
INV003711,6,72.2,145,55.4,1,87930.0,14655.0
INV003712,6,79.6,163,60.2,1,64551.0,10758.5
INV003713,7,81.5,161,49.0,1,123416.0,17630.86
INV003718,6,91.4,284,110.3,1,81262.0,13543.67
INV003720,6,74.6,116,42.9,1,23110.0,3851.67
INV003722,7,50.7,135,50.6,1,192710.0,27530.0
INV003723,6,61.8,124,36.2,1,39630.0,6605.0
INV003724,7,68.0,169,65.5,1,80168.0,11452.57
INV003733,6,88.8,174,65.4,1,14893.0,2482.17
INV003734,8,59.0,290,102.6,1,69855.0,8731.88
INV003735,8,45.9,104,36.4,1,88089.0,11011.12
INV003736,7,77.2,120,24.7,1,58959.0,8422.71
INV003738,6,50.6,117,44.7,1,21307.0,3551.17
INV003740,7,51.8,172,63.3,1,122048.0,17435.43
INV003741,7,67.7,159,49.4,1,55275.0,7896.43
INV003744,6,86.8,187,60.2,1,23676.0,3946.0
INV003745,6,70.2,183,65.7,1,26414.0,4402.33
INV003748,8,56.1,182,58.4,1,41447.0,5180.88
INV003757,7,81.8,156,40.4,1,54152.0,7736.0
INV003761,8,51.9,150,52.2,1,29681.0,3710.12
INV003766,8,65.3,192,62.1,1,94475.0,11809.38
INV003767,9,47.5,125,37.4,1,129327.0,14369.67
INV003771,10,50.8,130,41.1,1,111757.0,11175.7
INV003772,9,34.5,72,25.1,1,28922.0,3213.56
INV003775,6,74.0,151,68.2,1,112218.0,18703.0
INV003779,6,76.4,160,64.9,1,17001.0,2833.5
INV003780,8,57.4,135,49.6,1,76001.0,9500.12
INV003781,7,64.8,199,70.2,1,47391.0,6770.14
INV003785,6,74.2,160,54.0,1,113979.0,18996.5
INV003787,9,63.2,178,69.5,1,87076.0,9675.11
INV003793,7,72.3,203,86.0,1,134386.0,19198.0
INV003795,7,67.7,122,41.5,1,58273.0,8324.71
INV003811,7,78.7,141,41.6,1,133025.0,19003.57
INV003812,7,50.8,174,67.3,1,52802.0,7543.14
INV003813,6,82.2,122,31.0,1,64566.0,10761.0
INV003815,7,72.5,217,80.5,1,67344.0,9620.57
INV003824,7,71.5,196,72.5,1,89175.0,12739.29
INV003825,6,81.2,99,19.3,1,81324.0,13554.0
INV003828,7,30.7,109,39.5,1,130613.0,18659.0
INV003829,10,48.6,159,46.5,1,46819.0,4681.9
INV003830,6,71.4,115,45.1,1,138223.0,23037.17
INV003844,7,68.5,197,72.3,1,80033.0,11433.29
INV003847,8,50.0,66,19.0,1,74501.0,9312.62
INV003849,6,77.2,146,42.0,1,155813.0,25968.83
INV003851,7,57.8,121,46.8,1,110621.0,15803.0
INV003860,6,46.0,72,29.2,1,134277.0,22379.5
INV003862,7,60.2,184,65.4,1,64749.0,9249.86
INV003865,7,85.2,235,102.9,1,47194.0,6742.0
INV003868,6,87.6,264,100.0,1,104999.0,17499.83
INV003872,9,45.4,85,26.4,1,147109.0,16345.44
INV003876,6,77.6,160,53.6,1,105794.0,17632.33
INV003880,8,68.6,193,67.2,1,52016.0,6502.0
INV003885,6,71.6,281,117.8,1,81864.0,13644.0
INV003892,10,55.2,114,32.7,1,134271.0,13427.1
INV003896,6,82.0,255,97.6,1,42369.0,7061.5
INV003897,6,71.6,144,56.2,1,83553.0,13925.5
INV003903,8,50.3,130,52.7,1,70037.0,8754.62
INV003905,7,62.5,103,24.6,1,70428.0,10061.14
INV003906,10,55.1,115,44.4,1,110358.0,11035.8
INV003912,6,68.6,195,81.0,1,11911.0,1985.17
INV003913,8,61.4,136,45.0,1,52158.0,6519.75
INV003916,6,67.2,114,44.7,1,84860.0,14143.33
INV003920,8,66.9,132,47.3,1,110581.0,13822.62
INV003936,6,89.6,227,87.3,1,111274.0,18545.67
INV003938,7,52.5,110,41.5,1,53978.0,7711.14
INV003940,7,70.7,151,48.1,1,88836.0,12690.86
INV003943,9,42.5,88,30.4,1,34838.0,3870.89
INV003945,7,56.3,175,64.2,1,109342.0,15620.29
INV003946,7,69.2,147,63.2,1,65153.0,9307.57
INV003948,7,43.7,101,37.6,1,125023.0,17860.43
INV003952,7,54.7,95,30.8,1,105758.0,15108.29
INV003958,6,85.6,133,51.3,1,67157.0,11192.83
INV003962,8,68.7,302,105.2,1,199896.0,24987.0
INV003964,10,51.2,130,44.6,1,123334.0,12333.4
INV003968,6,92.4,209,70.9,1,55226.0,9204.33
INV003972,6,84.2,224,81.8,1,128157.0,21359.5
INV003975,8,50.1,125,38.7,1,64647.0,8080.88
INV003978,8,68.1,209,70.5,1,45310.0,5663.75
INV003979,8,56.0,123,42.0,1,25613.0,3201.62
INV003981,7,67.7,237,85.9,1,81844.0,11692.0
INV003985,6,93.0,191,73.3,1,25396.0,4232.67
INV003996,6,95.2,244,112.2,1,97507.0,16251.17
INV004001,8,40.3,123,41.6,1,82786.0,10348.25
INV004004,10,40.8,88,30.8,1,126080.0,12608.0
INV004005,7,73.7,314,118.9,1,105889.0,15127.0
INV004007,7,38.8,102,37.1,1,30426.0,4346.57
INV004009,8,62.3,87,27.6,1,107439.0,13429.88
INV004014,9,61.9,182,58.0,1,90606.0,10067.33
INV004015,6,88.0,190,82.8,1,9734.0,1622.33
INV004017,7,40.5,85,30.7,1,30279.0,4325.57
INV004023,10,52.0,93,31.2,1,135403.0,13540.3
INV004037,6,74.6,137,55.6,1,45922.0,7653.67
INV004038,7,71.7,207,78.4,1,197810.0,28258.57
INV004049,6,48.2,83,28.1,1,24571.0,4095.17
INV004063,8,56.6,167,63.2,1,82106.0,10263.25
INV004066,7,75.2,319,127.6,1,60661.0,8665.86
INV004069,6,74.0,196,78.5,1,46504.0,7750.67
INV004070,7,67.7,170,56.0,1,33039.0,4719.86
INV004079,7,71.3,164,66.5,1,78640.0,11234.29
INV004085,7,68.3,260,96.9,1,104748.0,14964.0
INV004091,6,73.6,240,96.4,1,18538.0,3089.67
INV004094,6,55.8,167,62.9,1,67103.0,11183.83
INV004098,6,58.2,87,21.6,1,62582.0,10430.33
INV004099,6,58.8,174,66.1,1,82312.0,13718.67
INV004106,6,55.8,151,58.7,1,127689.0,21281.5
INV004112,6,55.2,112,42.9,1,39234.0,6539.0
INV004116,10,54.9,117,42.7,1,71428.0,7142.8
INV004118,6,64.6,161,56.6,1,33694.0,5615.67
INV004119,6,73.2,237,93.4,1,82689.0,13781.5
INV004123,6,85.0,138,44.2,1,74440.0,12406.67
INV004124,6,63.8,193,77.1,1,99942.0,16657.0
INV004125,9,61.6,142,56.2,1,109430.0,12158.89
INV004127,6,87.6,190,92.2,1,24949.0,4158.17
INV004128,6,67.2,156,54.6,1,95704.0,15950.67
INV004134,6,35.4,54,18.8,1,19310.0,3218.33
INV004135,10,50.1,164,53.7,1,66097.0,6609.7
INV004143,6,97.0,280,115.7,1,61426.0,10237.67
INV004145,6,66.2,144,48.3,1,27711.0,4618.5
INV004146,6,88.2,253,97.0,1,87690.0,14615.0
INV004147,6,72.2,136,45.2,1,66900.0,11150.0
INV004149,6,50.2,130,50.7,1,91943.0,15323.83
INV004151,8,63.1,197,71.3,1,110790.0,13848.75
INV004153,8,60.0,125,43.8,1,147218.0,18402.25
INV004154,12,46.7,90,29.2,1,173527.0,14460.58
INV004172,8,63.0,196,67.6,1,93496.0,11687.0
INV004174,6,86.6,195,65.9,1,189509.0,31584.83
INV004175,8,67.9,133,41.2,1,89272.0,11159.0
INV004177,8,45.4,117,37.5,1,43904.0,5488.0
INV004179,6,71.2,129,39.6,1,81566.0,13594.33
INV004181,6,93.4,245,94.4,1,151759.0,25293.17
INV004191,7,77.2,310,115.5,1,45090.0,6441.43
INV004196,7,78.3,219,75.7,1,129129.0,18447.0
INV004199,6,58.2,138,50.5,1,107979.0,17996.5
INV004202,9,47.6,114,37.5,1,91560.0,10173.33
INV004203,8,66.6,113,30.8,1,70384.0,8798.0
INV004208,6,73.4,156,56.1,1,57000.0,9500.0
INV004212,7,69.3,169,70.5,1,131156.0,18736.57
INV004216,7,82.0,195,72.0,1,67522.0,9646.0
INV004228,7,72.3,112,43.8,1,93293.0,13327.57
INV004232,6,71.4,232,93.4,1,31031.0,5171.83
INV004239,8,61.1,130,47.7,1,78887.0,9860.88
INV004241,10,53.7,117,40.6,1,103788.0,10378.8
INV004243,8,55.7,131,41.0,1,88380.0,11047.5
INV004246,7,34.2,64,14.8,1,97439.0,13919.86
INV004247,6,87.2,274,109.2,1,72050.0,12008.33
INV004248,7,42.7,93,39.7,1,105673.0,15096.14
INV004258,7,49.7,105,33.6,1,26892.0,3841.71
INV004266,7,61.8,101,26.6,1,35786.0,5112.29
INV004267,7,53.3,109,42.4,1,70239.0,10034.14
INV004270,7,69.7,204,75.2,1,41505.0,5929.29
INV004271,6,79.8,157,64.6,1,65605.0,10934.17
INV004279,8,50.3,116,34.0,1,185997.0,23249.62
INV004281,8,41.7,93,36.3,1,144759.0,18094.88
INV004282,8,52.9,105,32.8,1,64136.0,8017.0
INV004285,7,76.2,169,68.4,1,92708.0,13244.0
INV004288,7,72.8,223,87.2,1,56841.0,8120.14
INV004289,11,45.9,201,58.2,1,42501.0,3863.73
INV004293,6,81.8,142,64.8,1,112638.0,18773.0
INV004295,9,44.8,119,37.2,1,72695.0,8077.22
INV004296,6,102.2,304,123.7,1,77419.0,12903.17
INV004297,9,41.9,82,28.1,1,122117.0,13568.56
INV004299,8,64.1,175,61.7,1,79344.0,9918.0
INV004306,7,57.0,118,44.5,1,74056.0,10579.43
INV004308,7,84.7,244,90.8,1,78626.0,11232.29
INV004314,6,83.0,195,72.9,1,112485.0,18747.5
INV004319,9,60.5,275,89.2,1,118001.0,13111.22
INV004321,9,42.0,84,25.8,1,112711.0,12523.44
INV004324,7,77.7,173,60.1,1,66304.0,9472.0
INV004326,10,40.1,78,25.8,1,113261.0,11326.1
INV004332,8,64.7,149,55.7,1,22464.0,2808.0
INV004335,8,64.4,104,36.1,1,97637.0,12204.62
INV004338,10,48.9,209,63.9,1,134505.0,13450.5
INV004340,6,67.8,252,106.7,1,48935.0,8155.83
INV004343,6,63.0,190,74.4,1,93065.0,15510.83
INV004348,6,52.2,120,40.5,1,151261.0,25210.17
INV004349,7,72.5,159,57.6,1,148067.0,21152.43
INV004356,6,30.8,81,31.6,1,27375.0,4562.5
INV004357,8,72.4,305,105.7,1,52555.0,6569.38
INV004358,8,45.9,87,29.0,1,82583.0,10322.88
INV004361,8,61.6,124,47.4,1,23906.0,2988.25
INV004364,6,80.6,173,62.6,1,29363.0,4893.83
INV004367,6,81.6,194,97.5,1,144139.0,24023.17
INV004372,6,59.2,155,58.3,1,63764.0,10627.33
INV004391,6,57.0,96,33.1,1,48086.0,8014.33
INV004392,6,90.4,200,80.9,1,140197.0,23366.17
INV004400,8,46.6,104,41.0,1,187490.0,23436.25
INV004401,8,69.9,216,72.4,1,104242.0,13030.25
INV004403,6,73.6,150,49.9,1,14286.0,2381.0
INV004410,11,40.9,138,40.1,1,80237.0,7294.27
INV004411,6,61.0,111,43.2,1,72503.0,12083.83
INV004412,7,82.3,173,63.4,1,52390.0,7484.29
INV004413,8,69.0,142,59.3,1,86246.0,10780.75
INV004414,8,53.9,176,56.6,1,102062.0,12757.75
INV004421,6,90.8,221,91.6,1,74958.0,12493.0
INV004427,11,50.8,125,43.0,1,121193.0,11017.55
INV004434,6,84.6,156,69.6,1,79432.0,13238.67
INV004446,6,65.8,170,61.8,1,58236.0,9706.0
INV004447,7,49.8,129,46.7,1,111566.0,15938.0
INV004450,6,61.6,153,62.3,1,134333.0,22388.83
INV004451,6,84.0,137,52.4,1,88776.0,14796.0
INV004452,7,81.0,180,79.8,1,122309.0,17472.71
INV004454,6,98.4,311,121.0,1,64506.0,10751.0
INV004455,6,50.0,105,34.1,1,21070.0,3511.67
INV004457,6,81.4,188,68.6,1,76498.0,12749.67
INV004459,7,53.8,141,46.1,1,73438.0,10491.14
INV004460,9,42.5,93,28.6,1,22621.0,2513.44
INV004463,6,94.8,211,66.6,1,77554.0,12925.67
INV004464,7,62.5,142,40.5,1,40228.0,5746.86
INV004468,7,76.8,154,56.1,1,84516.0,12073.71
INV004472,7,50.7,156,59.3,1,33126.0,4732.29
INV004473,7,73.3,152,44.1,1,39115.0,5587.86
INV004475,7,67.8,87,13.6,1,82023.0,11717.57
INV004477,8,58.7,180,59.7,1,32359.0,4044.88
INV004484,6,61.6,182,80.5,1,55149.0,9191.5
INV004502,7,74.5,165,48.5,1,66742.0,9534.57
INV004504,8,55.1,247,87.5,1,132537.0,16567.12
INV004511,6,37.2,89,30.5,1,43556.0,7259.33
INV004517,6,86.6,185,61.8,1,23579.0,3929.83
INV004521,7,54.5,76,21.1,1,106363.0,15194.71
INV004523,6,87.2,127,35.3,1,50318.0,8386.33
INV004528,7,54.0,149,52.7,1,138706.0,19815.14
INV004531,8,60.0,159,54.1,1,185354.0,23169.25
INV004533,7,55.0,118,35.0,1,125539.0,17934.14
INV004542,7,34.0,59,25.1,1,59894.0,8556.29
INV004547,7,67.5,165,60.4,1,31048.0,4435.43
INV004555,8,53.1,151,48.6,1,111824.0,13978.0
INV004560,9,48.4,107,31.2,1,83591.0,9287.89
INV004562,6,83.8,158,62.1,1,22466.0,3744.33
INV004563,7,64.8,211,74.8,1,31702.0,4528.86
INV004574,8,54.6,116,45.8,1,74831.0,9353.88
INV004576,6,63.0,132,59.2,1,20595.0,3432.5
INV004579,8,43.9,77,29.7,1,26842.0,3355.25
INV004581,8,72.1,234,75.7,1,22116.0,2764.5
INV004589,6,71.4,225,92.8,1,114379.0,19063.17
INV004594,8,59.1,122,47.7,1,84370.0,10546.25
INV004598,6,84.2,195,63.1,1,57630.0,9605.0
INV004602,9,59.6,242,78.7,1,105254.0,11694.89
INV004607,8,56.0,214,73.4,1,50699.0,6337.38
INV004608,8,55.0,96,36.2,1,54558.0,6819.75
INV004611,7,51.2,217,82.4,1,141572.0,20224.57
INV004614,6,79.6,117,40.0,1,64197.0,10699.5
INV004617,9,39.2,83,29.8,1,110799.0,12311.0
INV004621,9,54.2,203,63.7,1,102050.0,11338.89
INV004625,6,96.4,246,90.6,1,78521.0,13086.83
INV004629,8,64.6,175,62.7,1,146298.0,18287.25
INV004630,9,50.6,95,34.7,1,110756.0,12306.22
INV004631,8,64.7,109,38.3,1,69846.0,8730.75
INV004633,7,78.2,189,72.5,1,67555.0,9650.71
INV004635,7,58.7,142,51.3,1,85919.0,12274.14
INV004636,6,75.6,160,74.9,1,130293.0,21715.5
INV004638,7,54.3,110,35.8,1,62637.0,8948.14
INV004640,7,68.3,202,71.1,1,41628.0,5946.86
INV004641,6,67.8,105,37.3,1,64235.0,10705.83
INV004642,6,54.8,232,99.9,1,80404.0,13400.67
INV004643,6,50.6,101,31.3,1,119017.0,19836.17
INV004646,7,64.5,158,65.4,1,73768.0,10538.29
INV004647,7,70.7,138,55.7,1,39400.0,5628.57
INV004650,6,80.8,143,52.8,1,52840.0,8806.67
INV004661,8,69.7,181,61.1,1,73293.0,9161.62
INV004665,6,83.4,137,45.3,1,28833.0,4805.5
INV004672,7,72.0,127,37.3,1,96541.0,13791.57
INV004680,7,47.2,155,58.2,1,22796.0,3256.57
INV004682,9,42.2,105,31.7,1,189171.0,21019.0
INV004688,6,77.6,181,67.9,1,25122.0,4187.0
INV004692,6,83.6,190,72.2,1,68610.0,11435.0
INV004701,7,20.0,82,30.7,1,40757.0,5822.43
INV004704,6,93.8,141,55.4,1,86091.0,14348.5
INV004712,8,48.6,84,30.3,1,119402.0,14925.25
INV004715,7,56.8,169,62.0,1,95968.0,13709.71
INV004716,7,74.0,197,87.7,1,67590.0,9655.71
INV004737,10,54.6,120,40.6,1,96021.0,9602.1
INV004738,6,93.2,148,53.8,1,47110.0,7851.67
INV004741,7,72.3,157,58.9,1,75811.0,10830.14
INV004753,6,61.4,87,34.5,1,55874.0,9312.33
INV004755,7,61.2,181,64.5,1,46605.0,6657.86
INV004761,6,71.4,139,51.2,1,42001.0,7000.17
INV004763,7,83.5,184,71.3,1,49983.0,7140.43
INV004764,6,83.0,144,51.3,1,35426.0,5904.33
INV004770,8,72.9,146,43.4,1,133901.0,16737.62
INV004776,9,57.4,145,43.6,1,81198.0,9022.0
INV004780,7,69.5,154,55.7,1,69763.0,9966.14
INV004785,7,66.2,248,90.4,1,54819.0,7831.29
INV004787,7,72.3,140,41.3,1,59162.0,8451.71
INV004798,7,53.7,106,32.8,1,63589.0,9084.14
INV004804,6,79.2,137,47.6,1,105080.0,17513.33
INV004805,7,44.7,92,28.1,1,90625.0,12946.43
INV004807,8,36.9,86,32.6,1,33686.0,4210.75
INV004813,6,62.0,253,107.9,1,82203.0,13700.5
INV004819,7,62.0,120,41.6,1,16931.0,2418.71
INV004825,7,70.0,141,45.9,1,49187.0,7026.71
INV004833,6,65.4,171,73.3,1,58795.0,9799.17
INV004834,9,38.6,106,33.4,1,172198.0,19133.11
INV004840,7,41.0,103,41.5,1,22257.0,3179.57
INV004843,8,50.9,153,46.7,1,74856.0,9357.0
INV004844,7,66.7,118,53.7,1,25433.0,3633.29
INV004845,6,81.8,197,65.1,1,90582.0,15097.0
INV004847,7,73.5,281,103.7,1,51384.0,7340.57
INV004848,9,54.1,166,53.7,1,116418.0,12935.33
INV004860,6,78.4,189,72.3,1,42106.0,7017.67
INV004863,7,68.0,220,76.0,1,35988.0,5141.14
INV004864,8,43.3,114,38.6,1,85458.0,10682.25
INV004865,7,76.3,143,43.4,1,103440.0,14777.14
INV004868,8,56.0,226,80.6,1,125207.0,15650.88
INV004871,8,69.1,170,52.8,1,163615.0,20451.88
INV004877,7,80.5,276,104.1,1,74162.0,10594.57
INV004889,7,70.7,159,46.1,1,65286.0,9326.57
INV004891,8,55.9,128,41.2,1,122650.0,15331.25
INV004896,6,79.4,252,103.6,1,125806.0,20967.67
INV004901,6,54.6,96,30.7,1,148100.0,24683.33
INV004911,7,63.7,97,29.6,1,86745.0,12392.14
INV004913,6,87.0,156,44.4,1,93099.0,15516.5
INV004916,7,75.5,162,64.0,1,93354.0,13336.29
INV004917,7,51.0,77,27.6,1,108261.0,15465.86
INV004924,9,59.8,116,38.9,1,166708.0,18523.11
INV004925,7,70.8,105,33.4,1,51377.0,7339.57
INV004926,8,66.3,133,40.5,1,93001.0,11625.12
INV004927,7,34.2,63,25.0,1,95667.0,13666.71
INV004947,6,45.0,75,31.0,1,52036.0,8672.67
INV004953,7,67.2,138,43.5,1,50981.0,7283.0
INV004956,8,59.1,155,52.0,1,51297.0,6412.12
INV004958,7,73.2,135,34.2,1,146343.0,20906.14
INV004959,6,68.6,193,75.5,1,32047.0,5341.17
INV004967,6,63.2,112,46.6,1,35869.0,5978.17
INV004973,9,55.0,99,32.1,1,90235.0,10026.11
INV004974,8,52.4,102,35.3,1,87162.0,10895.25
INV004978,7,63.8,157,60.7,1,88463.0,12637.57
INV004981,8,49.1,115,40.4,1,53117.0,6639.62
INV004983,7,57.7,128,54.6,1,172616.0,24659.43
INV004984,7,75.3,177,80.4,1,94301.0,13471.57
INV004986,7,81.3,185,73.7,1,68422.0,9774.57
INV004992,7,81.5,176,54.7,1,71260.0,10180.0
INV004996,10,46.3,104,32.3,1,84912.0,8491.2
INV004997,7,71.0,248,89.6,1,128346.0,18335.14
