table,rows_in,rows_out,rejected,critical_rejections,timestamp,runtime_s
companies,92,92,0,0,2026-09-29 00:23:19,0.007
sectors,92,92,0,0,2026-09-29 00:23:19,0.006
profitandloss,1276,1073,203,0,2026-09-29 00:23:19,0.009
balancesheet,1312,1140,172,0,2026-09-29 00:23:19,0.011
cashflow,1187,1056,131,0,2026-09-29 00:23:19,0.008
financial_ratios,1184,1041,143,0,2026-09-29 00:23:19,0.01
market_cap,552,552,0,0,2026-09-29 00:23:19,0.008
stock_prices,5520,5520,0,0,2026-09-29 00:23:19,0.023
documents,1585,1457,128,0,2026-09-29 00:23:19,0.009
analysis,20,16,4,0,2026-09-29 00:23:19,0.005
prosandcons,16,14,2,0,2026-09-29 00:23:19,0.005
peer_groups,56,56,0,0,2026-09-29 00:23:19,0.005
