CustomerID,CustomerName,Region,Segment,SignupDate
C1000,Ananya Sharma,East,Consumer,17-08-2023
C1001,Diya Joshi,North,Small Business,12-07-2024
C1002,Aditya Mehta,West,Consumer,31-01-2023
C1003,Aditya Patel,South,Small Business,08-09-2024
C1004,Aarav Rao,South,Small Business,27-10-2024
C1005,Zara Gupta,South,Corporate,26-08-2024
C1006,Neha Chatterjee,North,Consumer,08-03-2024
C1007,Priya Reddy,South,Consumer,11-12-2023
C1008,Ananya Verma,West,Consumer,03-01-2024
C1009,Rohan Mehta,East,Consumer,15-04-2024
C1010,Zara Verma,West,Consumer,19-07-2024
C1011,Om Das,Central,Corporate,14-08-2024
C1012,Kabir Joshi,North,Consumer,08-11-2024
C1013,Meera Chatterjee,East,Consumer,27-08-2023
C1014,Ananya Gupta,East,Corporate,12-10-2024
C1015,Rohan Iyer,East,Corporate,03-08-2023
C1016,Neha Joshi,North,Small Business,12-10-2024
C1017,Ishaan Rao,South,Consumer,18-04-2024
C1018,Saanvi Reddy,Central,Consumer,29-11-2023
C1019,Vivaan Patel,North,Corporate,15-02-2024
C1020,Neha Verma,South,Small Business,19-11-2023
C1021,Kabir Kulkarni,West,Corporate,20-10-2024
C1022,Uday Iyer,East,Consumer,10-09-2023
C1023,Zara Rao,East,Small Business,21-08-2024
C1024,Tara Pillai,Central,Corporate,06-01-2024
C1025,Meera Iyer,Central,Corporate,04-04-2023
C1026,Vivaan Das,North,Consumer,04-10-2024
C1027,Ishaan Chatterjee,West,Small Business,07-03-2023
C1028,Saanvi Gupta,Central,Corporate,25-06-2024
C1029,Neha Rao,North,Small Business,28-04-2023
C1030,Zara Chatterjee,East,Small Business,15-12-2023
C1031,Ananya Reddy,West,Consumer,09-04-2024
C1032,Aarav Joshi,East,Small Business,02-07-2023
C1033,Yash Pillai,North,Small Business,02-11-2023
C1034,Yash Mehta,South,Consumer,18-01-2024
C1035,Ishaan Rao,Central,Consumer,05-09-2024
C1036,Priya Singh,North,Consumer,07-01-2024
C1037,Om Patel,North,Consumer,03-08-2024
C1038,Aditya Verma,West,Consumer,29-06-2024
C1039,Diya Iyer,West,Small Business,19-06-2023
C1040,Neha Rao,Central,Corporate,05-08-2023
C1041,Zara Chatterjee,South,Small Business,16-11-2023
C1042,Saanvi Kulkarni,East,Corporate,13-06-2024
C1043,Uday Verma,South,Consumer,07-03-2023
C1044,Priya Sharma,Central,Small Business,24-08-2023
C1045,Kiran Patel,North,Consumer,08-10-2024
C1046,Vivaan Patel,North,Consumer,05-12-2023
C1047,Aditya Rao,South,Corporate,16-11-2024
C1048,Varun Patel,Central,Consumer,07-08-2024
C1049,Kiran Singh,South,Corporate,21-02-2024
C1050,Kabir Verma,North,Small Business,17-03-2024
C1051,Rohan Gupta,West,Corporate,25-02-2023
C1052,Ananya Sharma,West,Small Business,14-12-2023
C1053,Ananya Patel,South,Consumer,03-07-2024
C1054,Uday Iyer,West,Consumer,13-10-2023
C1055,Uday Patel,North,Corporate,17-07-2024
C1056,Ananya Sharma,Central,Consumer,06-04-2023
C1057,Meera Iyer,West,Corporate,07-05-2024
C1058,Kabir Das,West,Consumer,18-06-2023
C1059,Saanvi Sharma,West,Corporate,10-04-2024
C1060,Om Gupta,Central,Small Business,13-05-2024
C1061,Diya Patel,East,Consumer,01-03-2023
C1062,Kiran Joshi,Central,Consumer,18-11-2023
C1063,Vivaan Sharma,Central,Corporate,29-05-2024
C1064,Yash Iyer,North,Small Business,24-03-2023
C1065,Ishaan Verma,Central,Consumer,22-11-2024
C1066,Meera Gupta,North,Small Business,10-09-2023
C1067,Kiran Mehta,North,Small Business,25-03-2023
C1068,Tara Kulkarni,Central,Small Business,19-06-2024
C1069,Priya Pillai,East,Consumer,16-11-2024
C1070,Priya Patel,East,Corporate,15-05-2023
C1071,Om Singh,East,Consumer,10-01-2023
C1072,Uday Mehta,Central,Consumer,17-03-2023
C1073,Zara Patel,Central,Corporate,16-05-2023
C1074,Rohan Pillai,North,Consumer,14-01-2024
C1075,Om Iyer,West,Small Business,06-11-2023
C1076,Nikhil Chatterjee,Central,Consumer,14-11-2024
C1077,Zara Reddy,North,Consumer,28-09-2023
C1078,Ananya Pillai,North,Small Business,20-07-2024
C1079,Diya Reddy,East,Small Business,04-08-2023
C1080,Priya Patel,East,Small Business,15-05-2024
C1081,Neha Pillai,North,Consumer,11-10-2024
C1082,Tara Das,East,Consumer,04-01-2023
C1083,Priya Chatterjee,South,Small Business,26-09-2023
C1084,Ishaan Joshi,West,Small Business,13-03-2024
C1085,Zara Sharma,North,Consumer,02-06-2023
C1086,Zara Sharma,East,Small Business,19-07-2024
C1087,Diya Gupta,South,Consumer,12-11-2023
C1088,Rohan Pillai,North,Corporate,04-08-2023
C1089,Meera Kulkarni,North,Corporate,27-07-2024
C1090,Tara Mehta,South,Consumer,16-06-2023
C1091,Ishaan Pillai,West,Consumer,03-07-2023
C1092,Priya Chatterjee,West,Small Business,12-09-2023
C1093,Neha Iyer,North,Corporate,09-02-2023
C1094,Varun Patel,South,Corporate,25-12-2023
C1095,Om Das,South,Consumer,25-01-2023
C1096,Kabir Gupta,East,Corporate,13-03-2023
C1097,Neha Nair,Central,Corporate,26-11-2024
C1098,Zara Nair,North,Consumer,25-09-2023
C1099,Ishaan Mehta,East,Consumer,22-04-2023
C1100,Nikhil Gupta,East,Small Business,18-11-2023
C1101,Tara Mehta,Central,Consumer,30-01-2024
C1102,Kiran Patel,East,Consumer,22-03-2024
C1103,Aarav Rao,Central,Small Business,17-11-2024
C1104,Kabir Nair,West,Consumer,11-11-2024
C1105,Priya Mehta,East,Small Business,08-05-2023
C1106,Om Rao,East,Small Business,23-02-2024
C1107,Priya Gupta,East,Small Business,11-05-2023
C1108,Kabir Gupta,West,Small Business,28-06-2023
C1109,Nikhil Mehta,East,Corporate,15-07-2024
C1110,Aarav Reddy,East,Consumer,16-03-2024
C1111,Kiran Mehta,East,Corporate,28-03-2024
C1112,Uday Kulkarni,South,Small Business,29-04-2024
C1113,Ishaan Kulkarni,North,Corporate,11-06-2024
C1114,Nikhil Nair,North,Consumer,19-11-2024
C1115,Om Patel,South,Consumer,26-01-2023
C1116,Vivaan Patel,West,Small Business,16-03-2023
C1117,Uday Gupta,Central,Consumer,29-01-2024
C1118,Varun Gupta,South,Consumer,02-11-2024
C1119,Aarav Pillai,North,Corporate,13-08-2023
