Product_ID,Product,Category,Sub_Category,Unit_Price
1,Premium Notebook,Office Supplies,Stationery,328.54
2,Gel Pen Pack,Office Supplies,Stationery,169.32
3,SoundMax Pro,Electronics,Headphones,4526.54
4,Wireless Mouse,Electronics,Accessories,1163.2
5,Ergo Chair,Furniture,Chairs,9002.58
6,A4 Paper Box,Office Supplies,Paper,541.97
7,AeroBook 14,Electronics,Laptops,59498.3
8,Filing Cabinet,Furniture,Storage,6295.54
9,Air Purifier,Appliances,Home,15180.75
10,Mixer Grinder,Appliances,Kitchen,3940.09
11,Electric Kettle,Appliances,Kitchen,1857.46
12,Document Binder,Office Supplies,Binders,266.9
13,Nova X5,Electronics,Mobiles,28110.53
14,Office Table,Furniture,Tables,12489.19
